date,xejVolatility,cloudCover,viterbi_state_index,viterbi_state_label,posterior_low,posterior_normal,posterior_high,state_entropy
2018-01-02,74.3994140625,54,1,Low Volatility,1.0,9.125268701169849e-124,0.0,2.101170768087883e-122
2018-01-03,117.5,24,1,Low Volatility,0.9534963849093189,0.04647824371231219,2.5371378610083533e-05,0.18830472104217635
2018-01-04,163.0,6,1,Low Volatility,0.8923650378278034,0.10762423378533352,1.0728387102851958e-05,0.3416514817955945
2018-01-05,91.599609375,0,1,Low Volatility,0.9529568971266944,0.04703057507145152,1.2527801783450883e-05,0.18983067530552927
2018-01-08,63.8994140625,25,1,Low Volatility,0.9328734125652456,0.06704678671635579,7.980071817563436e-05,0.2467592832936714
2018-01-09,136.400390625,14,1,Low Volatility,0.9099167903086169,0.09002220257674413,6.1007114992688623e-05,0.3032364834752675
2018-01-10,172.69921875,68,1,Low Volatility,0.8020034936523945,0.19768135109968094,0.00031515524752518217,0.4999578467147424
2018-01-11,100.2001953125,74,1,Low Volatility,0.898449917620234,0.10093368830164777,0.0006163940776733745,0.332236419054874
2018-01-12,108.400390625,78,1,Low Volatility,0.8614408841889956,0.13758971369962078,0.0009694021114923772,0.40811575345067014
2018-01-15,188.0,37,1,Low Volatility,0.5719432549453252,0.4274444811438773,0.0006122639109293331,0.687381559747586
2018-01-16,178.900390625,13,1,Low Volatility,0.6315279562852135,0.3683436205623575,0.00012842315241060634,0.6592883448395656
2018-01-17,140.900390625,0,1,Low Volatility,0.845382492188848,0.15457201058654582,4.549722422600394e-05,0.4310511350705655
2018-01-18,163.2998046875,0,1,Low Volatility,0.8324370219220436,0.16752895067641088,3.402740168444226e-05,0.452324201582412
2018-01-19,146.8994140625,10,1,Low Volatility,0.8571976714950231,0.14269481191513797,0.000107516590050353,0.41089878123081075
2018-01-22,61.2998046875,36,1,Low Volatility,0.7737754976505189,0.22510809120674824,0.0011164111430067515,0.5417173333293559
2018-01-23,211.30078125,0,0,Normal Volatility,0.35920580188103685,0.6407037304631776,9.046765589819611e-05,0.6538523720841145
2018-01-24,129.099609375,15,1,Low Volatility,0.8312862003508673,0.16859973975677495,0.0001140598920047373,0.4547874760140317
2018-01-25,79.1005859375,29,1,Low Volatility,0.8972078939890618,0.10224842011926535,0.0005436858918844819,0.3345671974218765
2018-01-29,142.3994140625,81,1,Low Volatility,0.790168599515454,0.20708333485109026,0.002748065633526161,0.5283771778713167
2018-01-30,176.7001953125,99,0,Normal Volatility,0.4764939748680364,0.5128328831943114,0.010673141937420291,0.7441539002246327
2018-01-31,205.7001953125,100,0,Normal Volatility,0.21396269936541806,0.7534812088993874,0.03255609173545568,0.6546921133525041
2018-02-01,130.099609375,81,0,Normal Volatility,0.3921954802583747,0.5300379888635238,0.0777665308777635,0.9021837296887412
2018-02-02,285.599609375,22,0,Normal Volatility,8.50729094475064e-05,0.8178906089692053,0.1820243181209892,0.4753144941118529
2018-02-05,316.7001953125,32,0,Normal Volatility,2.887653773019708e-07,0.4431707792677442,0.556828931966484,0.6866785486163498
2018-02-06,574.2998046875,10,2,High Volatility,1.0842091827183186e-31,0.003127660722884709,0.9968723392766713,0.021161453645533918
2018-02-07,243.0,33,0,Normal Volatility,7.790116126086028e-06,0.657433598903472,0.34255861098063634,0.6428141760777184
2018-02-08,208.2998046875,70,0,Normal Volatility,0.017478519035119218,0.8229575077542807,0.15956397321030513,0.5239350341866988
2018-02-09,285.0,49,0,Normal Volatility,0.00011112413463489995,0.9371479517814293,0.06274092408413064,0.23555928568288176
2018-02-12,186.7001953125,31,0,Normal Volatility,0.293649019020154,0.7023002938141091,0.00405068716616078,0.6303322621144265
2018-02-13,89.6005859375,7,1,Low Volatility,0.7984706340103824,0.20075152559940132,0.0007778403903660047,0.5076142075284978
2018-02-14,69.599609375,24,1,Low Volatility,0.7252945329883969,0.273139673291886,0.0015657937198173882,0.5975352983617154
2018-02-15,242.0,64,0,Normal Volatility,0.03965651569767107,0.9564791604206031,0.003864323881663245,0.19202122921475565
2018-02-16,108.0,36,0,Normal Volatility,0.444607702901824,0.5521236882614666,0.0032686088364218074,0.7070422447999983
2018-02-19,263.599609375,26,0,Normal Volatility,0.0057718827937695465,0.9930167609885228,0.0012113562173059911,0.0448469383246439
2018-02-20,120.8994140625,93,1,Low Volatility,0.7164406461519506,0.28242285737039646,0.0011364964775692312,0.6036907255848342
2018-02-21,143.2001953125,100,1,Low Volatility,0.8442992159703452,0.15520209895170461,0.000498685077941979,0.4358337223491903
2018-02-22,143.2998046875,91,1,Low Volatility,0.8907609670373736,0.10904471897116699,0.00019431399100922308,0.3463458903630402
2018-02-23,99.7001953125,43,1,Low Volatility,0.9393517397586669,0.060561784949141044,8.647529252636904e-05,0.2294006055197275
2018-02-26,139.3994140625,13,1,Low Volatility,0.9313703025328894,0.06860737566500062,2.232180255250527e-05,0.25028147289988817
2018-02-27,119.900390625,14,1,Low Volatility,0.9240783641520726,0.0758475870076569,7.404884005367688e-05,0.26928116868807545
2018-02-28,122.3994140625,48,1,Low Volatility,0.7779390033748548,0.22123756662428887,0.000823430000592997,0.5349349739563314
2018-03-01,244.2001953125,51,0,Normal Volatility,0.04587353484761779,0.9525228907495952,0.0016035744028899475,0.19802776377443093
2018-03-02,133.5,47,1,Low Volatility,0.6617635243707544,0.33700194217440577,0.0012345334545801737,0.6480205853060973
2018-03-05,97.2001953125,24,1,Low Volatility,0.7124352003603373,0.28659887659028116,0.0009659230493454912,0.6064231303118647
2018-03-06,248.599609375,0,0,Normal Volatility,0.024074134593334278,0.9756077234546913,0.00031814195239605945,0.11636942313069751
2018-03-07,168.599609375,6,1,Low Volatility,0.5294282191857217,0.4704547476102547,0.00011703320392508154,0.692502445025864
2018-03-08,62.099609375,0,1,Low Volatility,0.8385953894171441,0.1612714851613024,0.0001331254217455954,0.44307003294994596
2018-03-09,145.900390625,0,1,Low Volatility,0.8152922684158933,0.18462932759298828,7.840399121463073e-05,0.4791446379255336
2018-03-12,199.099609375,7,1,Low Volatility,0.5559327884749293,0.4440205200311821,4.669149416926409e-05,0.6873515023467041
2018-03-13,93.1005859375,4,1,Low Volatility,0.9107538736892251,0.08922494839211696,2.1177918385870147e-05,0.3009880866259306
2018-03-14,85.30078125,4,1,Low Volatility,0.9525661206138402,0.04740965334629615,2.422603975110526e-05,0.19109683411444528
2018-03-15,102.2001953125,57,1,Low Volatility,0.9317522764849077,0.0679200349558531,0.00032768855903953236,0.25115896096323304
2018-03-16,70.30078125,73,1,Low Volatility,0.8447183820072532,0.1538279968655808,0.0014536211275799583,0.4399991580066995
2018-03-19,190.5,76,1,Low Volatility,0.5990982689030905,0.3998459849500888,0.001055746146498751,0.6807005197978616
2018-03-20,141.900390625,43,1,Low Volatility,0.7781017450934801,0.2212990048662959,0.0005992500405268696,0.5334426229324418
2018-03-21,155.7001953125,0,1,Low Volatility,0.7225215534480868,0.2772973634427829,0.0001810831090603893,0.59206519426369
2018-03-22,183.0,46,0,Normal Volatility,0.4367008793137044,0.5619860612535683,0.0013130594328055944,0.69438265225663
2018-03-23,205.900390625,22,0,Normal Volatility,0.29865321946927237,0.7009456906107404,0.00040108992027814073,0.6131145974912049
2018-03-26,92.5,74,1,Low Volatility,0.808585480918786,0.1906447643775268,0.0007697547036124156,0.49328181131147414
2018-03-27,88.099609375,47,1,Low Volatility,0.8993716968259954,0.10005255203381433,0.0005757511399672927,0.33000830707170853
2018-03-28,142.400390625,50,1,Low Volatility,0.8351768728363781,0.16414999617327264,0.0006731309900426815,0.4519563134393508
2018-03-29,150.900390625,54,1,Low Volatility,0.6203208236291321,0.3781955911974131,0.0014835851732978896,0.6736138118993189
2018-04-03,341.5,7,0,Normal Volatility,8.005032382839048e-07,0.9989664937279037,0.0010327057686907374,0.008144653365248257
2018-04-04,84.0,27,1,Low Volatility,0.8024397354362921,0.19736658084067074,0.0001936837234392503,0.4985369207613536
2018-04-05,112.2998046875,0,1,Low Volatility,0.9383179190975643,0.06166650129710666,1.5579605131201164e-05,0.23171559635712716
2018-04-06,136.7001953125,27,1,Low Volatility,0.93549998887966,0.06447564350590078,2.4367614486091102e-05,0.23939039819026547
2018-04-09,86.5,40,1,Low Volatility,0.9470472726194747,0.05290089603368741,5.1831346627374867e-05,0.207530210398749
2018-04-10,132.69921875,13,1,Low Volatility,0.9434758344997078,0.056509672678110946,1.4492821752932178e-05,0.21742887050599788
2018-04-11,138.099609375,9,1,Low Volatility,0.9385847862956096,0.06140127166976883,1.3942034178192463e-05,0.23097482771469674
2018-04-12,91.2998046875,48,1,Low Volatility,0.941728829996168,0.05814365782440427,0.00012751217973272288,0.22309218717822457
2018-04-13,83.099609375,51,1,Low Volatility,0.9139522050727253,0.08569482128915558,0.00035297363807195375,0.2955895024465714
2018-04-16,175.2001953125,94,1,Low Volatility,0.7834053576571124,0.21620689475376254,0.00038774758882443054,0.5254040691592324
2018-04-17,133.099609375,55,1,Low Volatility,0.8792906487083155,0.12040639952793701,0.00030295176357792006,0.3704524610926059
2018-04-18,154.5,87,1,Low Volatility,0.8607774500678297,0.1389660669522725,0.00025648297972355097,0.4054209338375823
2018-04-19,153.7001953125,3,1,Low Volatility,0.8907497862985306,0.1092291533697795,2.106033184636096e-05,0.34514605944250476
2018-04-20,88.0,26,1,Low Volatility,0.9333363951041151,0.06658171728569344,8.188760986657294e-05,0.2455526000511948
2018-04-23,157.7998046875,47,1,Low Volatility,0.8787918631473159,0.12108954779043872,0.00011858906225915306,0.3702655343721124
2018-04-24,115.7998046875,61,1,Low Volatility,0.9119852430181343,0.08778768784021683,0.00022706914129660266,0.29950058254816575
2018-04-26,167.5,27,1,Low Volatility,0.8439120563289423,0.15602383834874692,6.410532239229617e-05,0.4336894448990614
2018-04-27,121.5,0,1,Low Volatility,0.9191009320289095,0.0808711218013439,2.794616989418565e-05,0.2812104263609802
2018-04-30,173.1005859375,2,1,Low Volatility,0.826456360246026,0.17351723356083387,2.640619350936641e-05,0.46171937995627715
2018-05-01,118.6005859375,76,1,Low Volatility,0.9116821540077175,0.08812050088860018,0.00019734510335169466,0.30003022828223125
2018-05-02,130.6005859375,83,1,Low Volatility,0.9154948748132067,0.08428236648778663,0.00022275869917054054,0.2911821802430926
2018-05-03,142.7001953125,83,1,Low Volatility,0.9008488807257679,0.0989010558864489,0.0002500633874842652,0.32495957687040894
2018-05-04,115.2998046875,39,1,Low Volatility,0.9035716837551693,0.09605648763021937,0.0003718286145510271,0.319601326018243
2018-05-07,140.7998046875,82,1,Low Volatility,0.7361284679976529,0.2622622248622326,0.0016093071404616294,0.5868788968221451
2018-05-08,207.30078125,36,0,Normal Volatility,0.20753872864385692,0.78993295292834,0.0025283184273914394,0.5277333759672532
2018-05-09,165.80078125,72,0,Normal Volatility,0.2569663877965474,0.737007041117547,0.006026571086095645,0.6048772489077303
2018-05-10,297.5,50,0,Normal Volatility,0.00012882091704162875,0.9946821683111581,0.005189010771737452,0.03375801389072527
2018-05-11,124.0,54,1,Low Volatility,0.6932027325345071,0.3046234545428613,0.0021738129222425326,0.6294398980392149
2018-05-14,146.0,46,1,Low Volatility,0.7635713156850338,0.23518036192594163,0.0012483223891295904,0.5547192950582371
2018-05-15,154.69921875,52,1,Low Volatility,0.633683888967418,0.36473087451563313,0.0015852365172639956,0.6671757711032219
2018-05-16,215.2998046875,35,0,Normal Volatility,0.2344089977246201,0.7642586914212229,0.001332310854397199,0.5543454425828768
2018-05-17,68.900390625,93,1,Low Volatility,0.7004389271069409,0.296228136668808,0.003332936224552931,0.6287993628444217
2018-05-18,132.7998046875,74,1,Low Volatility,0.824098922094191,0.17317699754925403,0.0027240803562755887,0.4791771155360721
2018-05-21,150.5,85,1,Low Volatility,0.7553261946964747,0.24048440840265572,0.004189396901002732,0.5776008579242593
2018-05-22,154.599609375,77,1,Low Volatility,0.5497926968441873,0.4399372648238895,0.010270038331792224,0.7371579726070844
2018-05-23,333.7001953125,66,0,Normal Volatility,1.968509360169494e-06,0.9689985573673549,0.03099947412327261,0.13822722575808136
2018-05-24,108.7998046875,61,0,Normal Volatility,0.43945410151206254,0.5390993608296348,0.021446537658615792,0.7768159889077241
2018-05-25,197.1005859375,33,0,Normal Volatility,0.13589396122748298,0.8493719430657873,0.014734095707016212,0.4720373266483235
2018-05-28,370.0,53,0,Normal Volatility,5.7214864411330605e-09,0.9671702538168508,0.03282974046181162,0.14444515940845734
2018-05-29,96.7998046875,36,1,Low Volatility,0.6756188883897132,0.3124638516198051,0.011917259990250466,0.6811972438980315
2018-05-30,119.0,61,1,Low Volatility,0.6587682169168472,0.33318376711665254,0.008048015966521386,0.6799585008955797
2018-05-31,292.2998046875,51,0,Normal Volatility,0.00038639188218218736,0.9926309655292406,0.0069826425886495595,0.04504246502805055
2018-06-01,146.099609375,96,1,Low Volatility,0.58327675235857,0.4125862567407461,0.00413699090065918,0.7024103638309686
2018-06-04,97.5,51,1,Low Volatility,0.7254302478218222,0.2713547595731471,0.0032149926046284687,0.6052456214016263
2018-06-05,182.099609375,16,0,Normal Volatility,0.3400443561515006,0.658224104894555,0.001731538953717126,0.6530849766927264
2018-06-06,296.2001953125,56,0,Normal Volatility,0.00010533497938452452,0.991056899400601,0.008837765620164561,0.05165901709790535
2018-06-07,184.0,97,0,Normal Volatility,0.32148348485584416,0.6749598968761281,0.0035566182677488293,0.6502060477940838
2018-06-08,129.599609375,99,1,Low Volatility,0.7557205081725561,0.24205147869033297,0.002228013137194478,0.5686460608331514
2018-06-12,110.3994140625,77,1,Low Volatility,0.8221963874356644,0.17573611683668572,0.0020674957278124313,0.47931136677316266
2018-06-13,189.099609375,59,1,Low Volatility,0.5892107628911484,0.40928834536536984,0.0015008917435476335,0.6870656967324998
2018-06-14,105.5,58,1,Low Volatility,0.7445440152921283,0.25323576610767135,0.0022202186004366955,0.5809966222980748
2018-06-15,197.6005859375,56,1,Low Volatility,0.4228201343836256,0.5752166643647887,0.0019632012519234486,0.6943038154583836
2018-06-18,164.3994140625,76,1,Low Volatility,0.5991348605343012,0.39880928360184187,0.0020558558634544443,0.6862518568526166
2018-06-19,163.900390625,95,1,Low Volatility,0.6809746710044994,0.31741148228906296,0.0016138467068287558,0.6362741944020961
2018-06-20,158.7001953125,50,1,Low Volatility,0.7341672609497659,0.2648020682678938,0.0010306707821638797,0.5858214221883186
2018-06-21,119.2998046875,36,1,Low Volatility,0.7181792229799756,0.28058589162945274,0.0012348853909653931,0.6026027256019174
2018-06-22,224.2998046875,33,0,Normal Volatility,0.05866407145097806,0.9391198937809447,0.00221603476839609,0.2388996722160433
2018-06-25,208.5,26,0,Normal Volatility,0.0890561896621602,0.9088492556844615,0.0020945546532438095,0.3151655931873876
2018-06-26,139.0,70,0,Normal Volatility,0.40107480465753137,0.5942634617360482,0.004661733606555066,0.7007248106324947
2018-06-27,200.099609375,23,0,Normal Volatility,0.13391792614969658,0.8633969844892038,0.002685089361014075,0.41195794473123826
2018-06-28,222.6005859375,80,0,Normal Volatility,0.06227712871986704,0.9318840731069724,0.00583879817319709,0.2686631143802775
2018-06-29,95.0,65,0,Normal Volatility,0.5172333597714578,0.47653344843731255,0.006233191791048485,0.725858034049484
2018-07-02,210.7998046875,35,0,Normal Volatility,0.2639700067635594,0.734834161561599,0.0011958316745446444,0.5860435982505132
2018-07-03,122.7001953125,63,1,Low Volatility,0.7697245939407091,0.22909655564527523,0.001178850414081684,0.5470028564860991
2018-07-04,142.6005859375,62,1,Low Volatility,0.8229715124352251,0.1757476098524256,0.0012808777125864548,0.47444697827216614
2018-07-05,103.2001953125,81,1,Low Volatility,0.7450863589058715,0.2522388282804541,0.0026748128139301402,0.5825191990127025
2018-07-06,231.80078125,64,0,Normal Volatility,0.11312064371364258,0.8844695273025963,0.002409828984145786,0.36963465556482616
2018-07-09,99.8994140625,75,1,Low Volatility,0.7028098297032289,0.2946369662526858,0.002553204044182554,0.6231525635026274
2018-07-10,151.8994140625,24,1,Low Volatility,0.7091294907651987,0.2898799462368657,0.0009905629982319313,0.6095468935280098
2018-07-11,163.900390625,63,1,Low Volatility,0.4793172259978389,0.5179855186512392,0.0026972553507957093,0.7091770412436408
2018-07-12,253.8994140625,45,0,Normal Volatility,0.01287363083236376,0.9845401891355713,0.002586180032490315,0.08678047785721524
2018-07-13,73.3994140625,14,0,Normal Volatility,0.577971970814406,0.42031977416551536,0.001708255019859759,0.6920547496527149
2018-07-16,170.2998046875,37,0,Normal Volatility,0.3829009252864904,0.6153285138013739,0.0017705609122007668,0.6775988370491675
2018-07-17,280.0,24,0,Normal Volatility,0.0010857629483087738,0.9980995332588992,0.000814703792610471,0.0151042369268394
2018-07-18,132.3994140625,7,1,Low Volatility,0.7709122166031204,0.22899877186162582,8.901153528598544e-05,0.5389597586669791
2018-07-19,94.2001953125,63,1,Low Volatility,0.9081320044276268,0.09165006977536644,0.0002179257971772385,0.3083733119501351
2018-07-20,133.1005859375,47,1,Low Volatility,0.9189856505934165,0.08089819074973573,0.00011615865725441084,0.2821164173863289
2018-07-23,149.900390625,50,1,Low Volatility,0.9019576834113473,0.09796093388211592,8.138270645881328e-05,0.32141876390073915
2018-07-24,82.5,36,1,Low Volatility,0.9385872103674279,0.061321154140202026,9.163549248039033e-05,0.23152518683219228
2018-07-25,116.599609375,46,1,Low Volatility,0.9321805047633032,0.06766003376916355,0.00015946146795176952,0.24908624722843983
2018-07-26,116.7998046875,58,1,Low Volatility,0.8661208259829449,0.1333496799190101,0.0005294940978485305,0.39715290052871083
2018-07-27,200.5,42,1,Low Volatility,0.5228490922301616,0.4767417477042837,0.00040916006515875653,0.695400915678761
2018-07-30,86.0,53,1,Low Volatility,0.8413711829974795,0.1580646456697105,0.0005641713324685564,0.4411336433113125
2018-07-31,160.8994140625,33,1,Low Volatility,0.8502692240946392,0.1496332643393184,9.751156607635747e-05,0.4230546924443816
2018-08-01,79.0,28,1,Low Volatility,0.9306289469334615,0.06928700320578873,8.404986071955334e-05,0.25265747215097767
2018-08-02,119.7998046875,55,1,Low Volatility,0.9323331843503073,0.06753707273016914,0.00012974291968177707,0.24850286970308
2018-08-03,149.599609375,83,1,Low Volatility,0.8970072813642728,0.10279243583707598,0.0002002827990949698,0.3330597153905898
2018-08-06,94.5,71,1,Low Volatility,0.9223729788807233,0.07725574227533148,0.0003712788437509719,0.27528915646367347
2018-08-07,136.3994140625,71,1,Low Volatility,0.884541459142941,0.11487240989277224,0.000586130964003093,0.3614589535172786
2018-08-08,130.3994140625,62,1,Low Volatility,0.7754787847802058,0.22320360164610947,0.0013176135733064208,0.5406548732756034
2018-08-09,193.3994140625,37,0,Normal Volatility,0.2511752287663899,0.7466414518313873,0.0021833194019113106,0.5785481928536522
2018-08-10,234.599609375,48,0,Normal Volatility,0.03154112001939765,0.9646580797151312,0.0038008002650633766,0.16491075003528402
2018-08-13,138.2998046875,58,0,Normal Volatility,0.4278432856533809,0.5680397157602789,0.004116998586673745,0.7071141581513676
2018-08-14,188.0,1,0,Normal Volatility,0.2286315966323681,0.7694543386590049,0.001914064708242815,0.5510116318983195
2018-08-15,204.2001953125,56,0,Normal Volatility,0.0654117216185693,0.9139266798261555,0.020661598555116747,0.3407954172872869
2018-08-16,375.2001953125,45,0,Normal Volatility,1.4314946405905587e-09,0.9395281709369787,0.060471827631221026,0.22826383461466324
2018-08-17,91.0,51,0,Normal Volatility,0.49002788266156927,0.47773757066182737,0.032234546676819714,0.8131517215173781
2018-08-20,178.8994140625,72,0,Normal Volatility,0.27781206717230994,0.7076787804188293,0.01450915240907199,0.6619320217106648
2018-08-21,252.0,42,0,Normal Volatility,0.013695381874393914,0.9844887939538653,0.0018158241720172734,0.08561306701794723
2018-08-22,99.19921875,11,1,Low Volatility,0.8164971737154109,0.18332598581968315,0.00017684046450195298,0.4780684984054263
2018-08-23,131.099609375,91,1,Low Volatility,0.9038566289118855,0.09600003634626712,0.00014333474149340745,0.31760160894350203
2018-08-24,91.30078125,35,1,Low Volatility,0.9446137598742577,0.05531924528591631,6.699483979182235e-05,0.21459616518312144
2018-08-27,114.2998046875,65,1,Low Volatility,0.9424530501644622,0.057451032753291296,9.591708198718994e-05,0.22087323361725067
2018-08-28,73.099609375,53,1,Low Volatility,0.9352617401517647,0.0646061022096049,0.00013215763888776427,0.2407613181973708
2018-08-29,96.5,60,1,Low Volatility,0.9433879173596768,0.056494361434171206,0.00011772120625978548,0.21838655217404024
2018-08-30,92.30078125,93,1,Low Volatility,0.9378867823451633,0.061975250200369876,0.00013796745415392314,0.23372370699363385
2018-08-31,98.900390625,64,1,Low Volatility,0.9448144289374921,0.055090972071001505,9.459899148842847e-05,0.21420660383822476
2018-09-03,92.5,18,1,Low Volatility,0.9462296537380851,0.05372112243781204,4.922382447871723e-05,0.20986417128292498
2018-09-04,160.1005859375,1,1,Low Volatility,0.8739684961256043,0.1259840936345216,4.741023943379532e-05,0.379193774876725
2018-09-05,87.5,69,1,Low Volatility,0.8542972194997321,0.14462787267775826,0.001074907822723408,0.4215301465796726
2018-09-06,157.8994140625,39,1,Low Volatility,0.5921381133225854,0.4065320193773682,0.001329867300119644,0.6850132100624492
2018-09-07,254.599609375,28,0,Normal Volatility,0.0040065294795848345,0.9934029930453283,0.0025904774754531234,0.04411921847214226
2018-09-10,204.2998046875,0,0,Normal Volatility,0.035705336688883975,0.9632432324246732,0.0010514308861725693,0.16226953303946556
2018-09-11,251.0,45,0,Normal Volatility,0.0016194663985486597,0.9933528729036433,0.005027660697903569,0.043641528892903944
2018-09-12,228.2001953125,47,0,Normal Volatility,0.03589525691773484,0.9628140807679121,0.001290662314243545,0.16450095775155926
2018-09-13,98.30078125,10,1,Low Volatility,0.7903754025721704,0.20934951368735374,0.0002750837403353076,0.5155592236123374
2018-09-14,119.8994140625,29,1,Low Volatility,0.8214701416762765,0.17809866822967854,0.00043119009374732725,0.4721859081353265
2018-09-17,182.900390625,26,0,Normal Volatility,0.45683053839617427,0.5423632568437208,0.0008062047596835353,0.6954716190400252
2018-09-18,205.80078125,40,0,Normal Volatility,0.24838112909882137,0.7502225105909623,0.0013963603099338944,0.570725513575224
2018-09-19,157.2001953125,61,1,Low Volatility,0.5768589300651685,0.4215049095243219,0.001636160410846364,0.6920080589517575
2018-09-20,170.2998046875,66,1,Low Volatility,0.65371429205816,0.3453075329072366,0.0009781750349643057,0.6518350009507966
2018-09-21,146.2001953125,12,1,Low Volatility,0.7789558545705381,0.2208050359016884,0.00023910952788716336,0.5300982340848189
2018-09-24,142.900390625,15,1,Low Volatility,0.6671036475289186,0.3324649327901239,0.00043141968106965824,0.639510282470122
2018-09-25,284.0,22,0,Normal Volatility,0.0007052787696896867,0.9976961353070929,0.0015985859232010866,0.017712071158699876
2018-09-26,170.2001953125,31,1,Low Volatility,0.44897694151300754,0.5502653949327423,0.0007576635545481887,0.6936810103215598
2018-09-27,143.2001953125,65,1,Low Volatility,0.7381181275243553,0.2609365108550304,0.0009453616206100278,0.5812765514174623
2018-09-28,168.2998046875,60,1,Low Volatility,0.7610445002161313,0.23841630047640772,0.0005391993075853063,0.5536974031778769
2018-10-01,86.3994140625,76,1,Low Volatility,0.8852709868090399,0.11399146123232902,0.0007375519589483409,0.36074726138352536
2018-10-02,131.2998046875,45,1,Low Volatility,0.8749006615135886,0.1244382283419363,0.0006611101443353718,0.381088942874888
2018-10-03,137.7001953125,74,1,Low Volatility,0.7084962483149132,0.28939262931672777,0.0021111223682669746,0.6159993503316223
2018-10-04,214.900390625,52,0,Normal Volatility,0.07930921236112555,0.9166041060243715,0.004086681614183389,0.3032957286413856
2018-10-05,236.2998046875,11,0,Normal Volatility,0.006517502020542262,0.990236489678336,0.0032460083012377855,0.06112069665153929
2018-10-08,222.400390625,95,0,Normal Volatility,0.047035030662085545,0.9398468539934546,0.013118115344659436,0.2589369428791647
2018-10-09,138.7998046875,84,1,Low Volatility,0.5785836442569906,0.39694773035004677,0.0244686253927314,0.7741324765660816
2018-10-10,96.2998046875,21,1,Low Volatility,0.6266850543951635,0.32405928703944564,0.049255658565794926,0.8063118013910837
2018-10-11,462.2001953125,19,0,Normal Volatility,7.837028760493667e-17,0.6536590764591798,0.34634092354062523,0.6451520534834688
2018-10-12,256.900390625,29,0,Normal Volatility,0.0012452219821167234,0.9261358822526463,0.07261889576550568,0.2698402372787602
2018-10-15,179.6005859375,68,0,Normal Volatility,0.3282030582611734,0.6519892928554828,0.019807648883656596,0.7222114206540612
2018-10-16,78.2998046875,97,1,Low Volatility,0.7183690243803084,0.2700745860875954,0.011556389532175434,0.6427068006221294
2018-10-17,147.2001953125,100,1,Low Volatility,0.7656813357029932,0.22894316379021148,0.005375500506691544,0.5700471705205523
2018-10-18,175.7001953125,67,1,Low Volatility,0.6800847761022556,0.31648913527321476,0.0034260886242733915,0.6457561360101979
2018-10-19,149.900390625,68,1,Low Volatility,0.763553485779013,0.23111908949454665,0.005327424726725698,0.5724222624968741
2018-10-22,103.0,35,1,Low Volatility,0.721766784985003,0.26410866852246917,0.014124546492698073,0.6471355620736663
2018-10-23,383.599609375,22,0,Normal Volatility,2.7729973731917344e-10,0.9021731808292724,0.09782681889304014,0.32028160466246575
2018-10-24,321.2001953125,60,0,Normal Volatility,6.184381051666681e-07,0.8984154317991192,0.10158394976301903,0.32855878674192385
2018-10-25,294.69921875,33,0,Normal Volatility,1.2839402984010506e-05,0.9538214072006823,0.04616575339620989,0.18722373004424617
2018-10-26,302.900390625,1,0,Normal Volatility,1.5372001943437406e-05,0.9940386385351433,0.005945989462482203,0.03658734834491294
2018-10-29,140.599609375,4,0,Normal Volatility,0.40925474054791616,0.5897527824787014,0.0009924769737294137,0.6839186648925156
2018-10-30,214.6005859375,26,0,Normal Volatility,0.12488971530680643,0.873664793348115,0.0014454913448354533,0.3872594723134399
2018-10-31,158.0,27,0,Normal Volatility,0.366821033240103,0.6308800975509055,0.00229886920860924,0.6724525882688756
2018-11-01,183.8994140625,84,0,Normal Volatility,0.20469592937507156,0.7881595157972063,0.007144554827454886,0.5476240331914664
2018-11-02,242.599609375,38,0,Normal Volatility,0.006569943792060765,0.9854383900336655,0.007991666174020012,0.08606528244391475
2018-11-05,193.0,84,0,Normal Volatility,0.07373445901746549,0.9148077900304578,0.011457750951678818,0.3249081342510699
2018-11-06,209.0,68,0,Normal Volatility,0.048693078908202195,0.9414172181709664,0.009889702920505661,0.2496468539022389
2018-11-07,206.7001953125,37,0,Normal Volatility,0.101291138190664,0.893773611049227,0.004935250760413969,0.358518130016626
2018-11-08,123.599609375,74,0,Normal Volatility,0.45279494641260337,0.5396697664022974,0.007535287185133914,0.7284574807039937
2018-11-09,198.5,34,0,Normal Volatility,0.13331291469734163,0.859846053228561,0.00684103207367998,0.4325727017661285
2018-11-12,239.2998046875,95,0,Normal Volatility,0.006205720637544133,0.9762340068799366,0.017560272482282722,0.12600121211097678
2018-11-13,222.7001953125,53,0,Normal Volatility,0.010432499403823622,0.9702464366441997,0.019321063951838954,0.15315991080607405
2018-11-14,359.599609375,49,0,Normal Volatility,1.482690442882302e-08,0.9737744214196773,0.026225563753463646,0.12136672769331164
2018-11-15,149.0,9,1,Low Volatility,0.6059364251926759,0.39253370673888044,0.001529868068836795,0.6805508096808223
2018-11-16,130.2998046875,5,1,Low Volatility,0.7304939622130868,0.2688946102701055,0.0006114275163564736,0.5871003551656673
2018-11-19,201.099609375,80,0,Normal Volatility,0.3272602442372013,0.6668797365130493,0.005860019250092527,0.6658510818252149
2018-11-20,140.5,85,0,Normal Volatility,0.43426680781235333,0.5523836015708435,0.013349590617119742,0.7476873088908075
2018-11-21,347.599609375,59,0,Normal Volatility,2.9356052783279215e-07,0.9743179092233712,0.02568179721608397,0.11939990468240659
2018-11-22,116.1005859375,50,1,Low Volatility,0.5999646143943324,0.38849617877776693,0.011539206827917635,0.7253129164529116
2018-11-23,150.30078125,54,1,Low Volatility,0.5184747212912342,0.4744120310940587,0.0071132476150827266,0.7295071793075801
2018-11-26,294.2998046875,63,0,Normal Volatility,0.0002802832611641896,0.9923957080839568,0.007324008655220171,0.04587714389265806
2018-11-27,153.19921875,71,1,Low Volatility,0.5975130603779367,0.4000847794205619,0.002402160201749013,0.6887043046297195
2018-11-28,108.900390625,59,1,Low Volatility,0.8363676149477833,0.1620423458965933,0.001590039155842454,0.45459472726024336
2018-11-29,137.5,15,1,Low Volatility,0.7706985251326858,0.22779675743355715,0.0015047174341852963,0.5474940572860332
2018-11-30,184.0,0,0,Normal Volatility,0.2867487169759645,0.6936801493878654,0.019571133636380956,0.6888883961333748
2018-12-03,464.8994140625,46,2,High Volatility,3.1858882826004256e-17,0.39663607007278934,0.603363929927152,0.6716241135005897
2018-12-04,191.19921875,41,0,Normal Volatility,0.02757417477650206,0.8119302093205624,0.1604956159026481,0.5617986042637739
2018-12-05,241.7001953125,32,0,Normal Volatility,0.008970552671807464,0.9540279103233363,0.037001537005156675,0.2091707728432513
2018-12-06,108.099609375,63,0,Normal Volatility,0.4992612883760335,0.4773800659447348,0.023358645678838507,0.7875482263059227
2018-12-07,193.8994140625,92,0,Normal Volatility,0.2840321834586609,0.7013645869127504,0.01460322962881543,0.6680161343864303
2018-12-10,186.2001953125,72,0,Normal Volatility,0.3146198993007527,0.674868796408338,0.010511304290961742,0.6770888729140346
2018-12-11,138.900390625,67,0,Normal Volatility,0.4569564460873896,0.53203612959141,0.011007424321602207,0.7432459578229111
2018-12-12,235.19921875,69,0,Normal Volatility,0.043166981761257626,0.942519488098815,0.01431353013973187,0.2522390178130373
2018-12-13,87.1005859375,69,0,Normal Volatility,0.3949463125128789,0.5843354750718462,0.02071821241546711,0.7611782145932384
2018-12-14,227.5,80,0,Normal Volatility,0.0329136872001823,0.9466227268825834,0.020463585917130447,0.24387470241620984
2018-12-17,187.7998046875,56,0,Normal Volatility,0.08392953353766798,0.8970843208017876,0.018986145660355714,0.3806488958279424
2018-12-18,275.3994140625,90,0,Normal Volatility,0.0002063957318563803,0.9740562473480052,0.025737356920477246,0.12154956186609568
2018-12-19,285.7001953125,29,0,Normal Volatility,7.426674350042516e-05,0.9889585763015906,0.01096715695494375,0.06117949493955776
2018-12-20,178.5,2,0,Normal Volatility,0.18430051294319835,0.814374279696312,0.0013252073604512653,0.48768753709034834
2018-12-21,182.0,37,0,Normal Volatility,0.16496466236147475,0.8324950455318213,0.0025402921071265394,0.4650693937695036
2018-12-24,226.900390625,1,0,Normal Volatility,0.014155202129535934,0.9842403301459957,0.001604467724905854,0.08622774254952992
2018-12-27,328.1005859375,46,0,Normal Volatility,1.1003918831958749e-06,0.9893123377659363,0.010686561842496292,0.05914926918668016
2018-12-28,153.7001953125,78,1,Low Volatility,0.5272099351467543,0.4687913538875956,0.003998710965217696,0.7147320062893476
2018-12-31,101.5,0,1,Low Volatility,0.68583764291182,0.3134409321268313,0.0007214249614934349,0.6274949363841892
2019-01-02,264.0,13,0,Normal Volatility,0.0015497192842054389,0.9966086050379054,0.001841675677946099,0.025009005832292285
2019-01-03,325.6005859375,0,0,Normal Volatility,3.047484118610759e-07,0.9963770324456686,0.003622662805716344,0.02398231177652416
2019-01-04,225.0,11,0,Normal Volatility,0.008719392910735401,0.9889214418899348,0.0023591651992311913,0.06663776335016497
2019-01-07,275.2001953125,76,0,Normal Volatility,0.0004752583038651839,0.9921945603324371,0.007330181364147978,0.0474447846989857
2019-01-08,129.7998046875,5,0,Normal Volatility,0.42745619698435355,0.5713121713496428,0.001231631665584976,0.6913794117449658
2019-01-09,234.1005859375,28,0,Normal Volatility,0.04446670793118119,0.9542060586169698,0.0013272334517204934,0.19194699170122487
2019-01-10,178.099609375,45,0,Normal Volatility,0.4330488112883915,0.5664813846515937,0.00046980405969826526,0.6879584772920613
2019-01-11,90.8994140625,22,1,Low Volatility,0.8689450801210616,0.1309111826529034,0.00014373722590878642,0.38951043985745476
2019-01-14,136.2001953125,29,1,Low Volatility,0.9107153545317719,0.0892125561365248,7.208933169879317e-05,0.3014650795317051
2019-01-15,147.900390625,30,1,Low Volatility,0.8986990470336194,0.10120949772347274,9.145524306162157e-05,0.32866460789989543
2019-01-16,63.599609375,69,1,Low Volatility,0.8974604116200622,0.10211159381999727,0.0004279945603500334,0.3333994918078164
2019-01-17,135.5,97,1,Low Volatility,0.9082471831019955,0.0914903297678083,0.0002624871306273991,0.30837396026900676
2019-01-18,125.1005859375,96,1,Low Volatility,0.9141324115762838,0.08558458722159686,0.00028300120255223313,0.2947711225700358
2019-01-21,121.599609375,40,1,Low Volatility,0.8833487884674653,0.11634725107451133,0.00030396045761566003,0.3623113757570937
2019-01-22,161.69921875,6,1,Low Volatility,0.6338889320530935,0.3658771146836325,0.0002339532628764317,0.6588081759828348
2019-01-23,206.599609375,0,0,Normal Volatility,0.11839842500793082,0.8811320126755247,0.00046956231668416243,0.36773062740472917
2019-01-24,260.400390625,15,0,Normal Volatility,0.002842537907084146,0.9960270935493285,0.0011303685436696977,0.028300758295875396
2019-01-25,159.6005859375,81,1,Low Volatility,0.508149131923809,0.49034361767362206,0.0015072504030066095,0.7032430938342948
2019-01-29,158.400390625,1,1,Low Volatility,0.719202340319259,0.28065299348794676,0.00014466619307116778,0.5949449902541014
2019-01-30,134.0,13,1,Low Volatility,0.7546236945695746,0.24510951140278212,0.00026679402785254215,0.5592855210231876
2019-01-31,206.2001953125,24,1,Low Volatility,0.3368033447260435,0.6627030047262539,0.0004936505478388099,0.6429415825085062
2019-02-01,154.0,0,1,Low Volatility,0.5993108239913361,0.40046258767164145,0.0002265883371305971,0.6752110224920586
2019-02-04,173.5,22,1,Low Volatility,0.4963577494837904,0.5029595157782846,0.0006827347377171255,0.6983113692488012
2019-02-05,198.7998046875,42,1,Low Volatility,0.34558606391751484,0.6532111545175695,0.001202781564891462,0.6534494569967665
2019-02-06,139.7998046875,47,1,Low Volatility,0.6492790598534036,0.3491013733154566,0.001619566831011762,0.65821736747798
2019-02-07,155.0,17,1,Low Volatility,0.5369221861251882,0.4610420776749973,0.0020357361995779885,0.7034974733976811
2019-02-08,343.2998046875,66,0,Normal Volatility,6.47015784557184e-07,0.981430335575137,0.01856901740886757,0.09242633802530215
2019-02-11,129.8994140625,62,1,Low Volatility,0.5843719747258478,0.406437019676865,0.009191005597174404,0.7229623159228783
2019-02-12,149.900390625,65,1,Low Volatility,0.5688058540078251,0.4253406505558031,0.005853495436169332,0.7146293777356176
2019-02-13,193.2998046875,45,0,Normal Volatility,0.1982696864462302,0.7978176467581259,0.003912666795255117,0.522722803627022
2019-02-14,238.900390625,32,0,Normal Volatility,0.020966347805272324,0.9769703010124264,0.0020633511820711773,0.11655253949059434
2019-02-15,129.900390625,5,0,Normal Volatility,0.46121469436817564,0.5380697396725875,0.0007155659593460754,0.6955905547205801
2019-02-18,226.8994140625,43,0,Normal Volatility,0.1049565838311291,0.8937559316130694,0.0012874845556296165,0.34555126061058145
2019-02-19,115.599609375,45,1,Low Volatility,0.6979715829582148,0.30052492769693473,0.0015034893447320515,0.6220455343896774
2019-02-20,145.2998046875,58,1,Low Volatility,0.6620969609644152,0.33620794810986165,0.0016950909255812434,0.650301145056354
2019-02-21,188.7998046875,3,0,Normal Volatility,0.2745652667881942,0.7249459873432066,0.0004887458685416879,0.5918046103096865
2019-02-22,243.30078125,0,0,Normal Volatility,0.025267916563254892,0.9745254365685451,0.00020664686792216524,0.11984154218955637
2019-02-25,75.5,46,1,Low Volatility,0.756370196541262,0.2431721264614001,0.0004576769975971486,0.5585581305569922
2019-02-26,139.2001953125,1,1,Low Volatility,0.905593676381595,0.09438896598465754,1.7357634057474378e-05,0.31278227042965095
2019-02-27,102.5,4,1,Low Volatility,0.9491739987878106,0.05080794000612378,1.8061206090428816e-05,0.20110171606352778
2019-02-28,120.7998046875,16,1,Low Volatility,0.902942551087897,0.09697412781899478,8.332109286827489e-05,0.31924056062961825
2019-03-01,194.7998046875,1,1,Low Volatility,0.6252925429880336,0.3746413219681536,6.613504383812886e-05,0.6620512987339019
2019-03-04,84.5,71,1,Low Volatility,0.8622123454478948,0.13717585831501058,0.0006117962371392159,0.40485159920275066
2019-03-05,127.099609375,72,1,Low Volatility,0.890871793027802,0.10854344848468697,0.0005847584876958455,0.3483296905082725
2019-03-06,162.2001953125,70,1,Low Volatility,0.8183704749480106,0.1808214434287307,0.0008080816232377153,0.4790375318475203
2019-03-07,94.5,63,1,Low Volatility,0.8237015010037729,0.17440296358216617,0.0018955354137131938,0.47621121968841107
2019-03-08,171.400390625,78,1,Low Volatility,0.48371721439577425,0.5130780615120003,0.0032047240921643377,0.7120980853317089
2019-03-11,232.400390625,69,0,Normal Volatility,0.07589719882824232,0.9213890363908613,0.0027137647807169295,0.2871650654318616
2019-03-12,145.8994140625,46,1,Low Volatility,0.6455381728479067,0.3533466464157548,0.0011151807362437672,0.6577036486040219
2019-03-13,146.400390625,66,1,Low Volatility,0.777907918847859,0.22128919031883765,0.0008028908331032733,0.5348589089073846
2019-03-14,177.19921875,0,1,Low Volatility,0.7513458137173535,0.24861624541595073,3.7940866814676954e-05,0.5612231357555512
2019-03-15,127.900390625,4,1,Low Volatility,0.9103034673974332,0.0896638878579716,3.2644744788510814e-05,0.302126283861397
2019-03-18,71.2998046875,53,1,Low Volatility,0.9062468902483845,0.09343795266469188,0.00031515708652896237,0.3132457661481986
2019-03-19,166.400390625,19,1,Low Volatility,0.8482543236531921,0.15166880535349941,7.687099330822242e-05,0.4263853630053185
2019-03-20,73.30078125,31,1,Low Volatility,0.9152131695413319,0.08440139513878836,0.0003854353199110998,0.2927709729423747
2019-03-21,112.80078125,52,1,Low Volatility,0.8920337005673229,0.10615560079208879,0.0018106986401597764,0.35143991522950746
2019-03-22,141.0,59,1,Low Volatility,0.6798874938788294,0.30822170204859745,0.011890804072584195,0.6777767180442885
2019-03-25,399.2998046875,77,0,Normal Volatility,1.352888607316219e-10,0.9206048457695744,0.07939515409494612,0.27728964030696257
2019-03-26,160.69921875,62,1,Low Volatility,0.504598661631324,0.4833264517453721,0.012074886623728374,0.7498804363231965
2019-03-27,89.900390625,19,1,Low Volatility,0.8060067082243335,0.19170331052743803,0.00228998124847832,0.5044040251212393
2019-03-28,185.5,55,1,Low Volatility,0.6625266029914852,0.3368111173794208,0.0006622796292182298,0.6441353408129757
2019-03-29,71.7998046875,58,1,Low Volatility,0.866767790767811,0.1326965801983589,0.0005356290334859067,0.39597443730876974
2019-04-01,82.3994140625,32,1,Low Volatility,0.9184504042861784,0.08130694756822789,0.00024264814585368824,0.28419166169296844
2019-04-02,150.5,12,1,Low Volatility,0.8540685780956409,0.14577750832463487,0.0001539135796727337,0.41679515582032334
2019-04-03,142.900390625,76,1,Low Volatility,0.7068248178059917,0.29151296218715206,0.0016622200067706496,0.6152257854853995
2019-04-04,217.400390625,41,0,Normal Volatility,0.19413980556158267,0.803333449504808,0.0025267449331638605,0.5092597612846335
2019-04-05,90.099609375,62,0,Normal Volatility,0.5423591220002261,0.45134526600561403,0.00629561199423298,0.7227908466998547
2019-04-08,189.099609375,64,0,Normal Volatility,0.22122130762256567,0.773286973894869,0.005491718482136169,0.5611303394749667
2019-04-09,247.5,61,0,Normal Volatility,0.01755859982106427,0.9803562124771276,0.0020851877021344223,0.10329679299096765
2019-04-10,127.2998046875,36,1,Low Volatility,0.7697123403035148,0.2300023800264704,0.00028527967046061,0.5418183454154702
2019-04-11,94.2001953125,34,1,Low Volatility,0.9237682392293017,0.07613260454968979,9.91562210994984e-05,0.27022611093419086
2019-04-12,91.80078125,13,1,Low Volatility,0.9405934069481838,0.059308490757112156,9.810229472741839e-05,0.22605809014705297
2019-04-15,62.3994140625,80,1,Low Volatility,0.850510768274505,0.1483209816959775,0.0011682500291401053,0.42865377680446093
2019-04-16,178.69921875,25,1,Low Volatility,0.7096291257973467,0.28997588789185247,0.0003949863109453421,0.6054850756451204
2019-04-17,126.7998046875,72,1,Low Volatility,0.7857934225384183,0.21294016340712743,0.0012664140547809623,0.5272373183220209
2019-04-18,160.0,32,1,Low Volatility,0.5510459822483598,0.4477639722732122,0.0011900454783378416,0.6961756272757096
2019-04-23,299.0,13,0,Normal Volatility,0.00010313171973651542,0.9979106135360057,0.0019862547439651185,0.01539139289399437
2019-04-24,142.3994140625,26,0,Normal Volatility,0.3995999891708941,0.5984502668696972,0.0019497439593464218,0.6859675520301085
2019-04-26,207.69921875,80,0,Normal Volatility,0.1766314562181013,0.8196709312994364,0.003697612482482975,0.4899245186396188
2019-04-29,171.7001953125,13,0,Normal Volatility,0.3877774950774005,0.6112438086753361,0.0009786962468898753,0.6750229208893851
2019-04-30,186.900390625,94,0,Normal Volatility,0.4250013289192759,0.5728851740595872,0.0021134970208833044,0.6958129330402073
2019-05-01,147.7998046875,52,1,Low Volatility,0.6769551724038477,0.3214076540229569,0.0016371735731188688,0.6394284807632635
2019-05-02,160.2998046875,49,1,Low Volatility,0.6455712433053047,0.35271252689594357,0.001716229798998391,0.661005409184998
2019-05-03,159.8994140625,62,1,Low Volatility,0.47812536084366003,0.5192036014382969,0.002671037717690564,0.7089436840457174
2019-05-06,284.1005859375,0,0,Normal Volatility,0.0006006747931780455,0.9985242393192686,0.0008750858874635684,0.012091795291045093
2019-05-07,124.1005859375,31,0,Normal Volatility,0.5546574916156649,0.4429917066992619,0.002350801685402739,0.7018327361747443
2019-05-08,172.7998046875,68,0,Normal Volatility,0.3796514649244607,0.6131385378469268,0.007209997228298305,0.7031803675912154
2019-05-09,213.2998046875,89,0,Normal Volatility,0.09919648421149932,0.8849420167352692,0.01586149905314009,0.4031057186765855
2019-05-10,172.7998046875,58,0,Normal Volatility,0.1986957451918002,0.775360488039258,0.025943766769022172,0.6131033329247079
2019-05-13,0.0,54,0,Normal Volatility,0.07282691963240613,0.8712774670037569,0.05589561336428406,0.47205797131544536
2019-05-14,202.1005859375,3,0,Normal Volatility,0.06490170778656566,0.9308693620024222,0.004228930210610599,0.2672970490438263
2019-05-15,193.6005859375,6,0,Normal Volatility,0.07945271107170863,0.9195048443047557,0.0010424446231241836,0.2855438360341654
2019-05-16,248.5,0,0,Normal Volatility,0.006588022925208231,0.9929232609065894,0.0004887161680010602,0.0438658373908405
2019-05-17,172.900390625,17,1,Low Volatility,0.4573494912256956,0.5423717050456501,0.00027880372866135537,0.6918949353074024
2019-05-20,136.0,45,1,Low Volatility,0.7947955702200682,0.20479661831846827,0.00040781146132268237,0.5104775777096431
2019-05-21,150.2998046875,51,1,Low Volatility,0.8317880905705713,0.1678064615395942,0.0004054478896925903,0.4558885999744209
2019-05-22,141.6005859375,16,1,Low Volatility,0.8139587904463284,0.18551568093060383,0.0005255286230759848,0.4840407689542009
2019-05-23,160.3994140625,43,1,Low Volatility,0.5470355195429556,0.44646053707663597,0.006503943380553832,0.7227718418409682
2019-05-24,381.8994140625,56,0,Normal Volatility,1.8124030047044317e-09,0.9538470987499726,0.04615289943759045,0.18702799880692667
2019-05-27,129.80078125,74,1,Low Volatility,0.575858434822208,0.40357705953983286,0.020564505638200736,0.7638898155661589
2019-05-28,148.400390625,59,1,Low Volatility,0.5915446094450884,0.39835447248057265,0.01010091807460563,0.7236373452598734
2019-05-29,187.7998046875,46,0,Normal Volatility,0.26565230785354355,0.7276463809839225,0.006701311162431743,0.6170309635869641
2019-05-30,204.5,48,0,Normal Volatility,0.07110524070614356,0.9197923697298928,0.009102389563767738,0.3076488947002046
2019-05-31,263.2001953125,85,0,Normal Volatility,0.0008214985224269484,0.9833408549886159,0.015837646489313007,0.08800867553043643
2019-06-03,216.599609375,58,0,Normal Volatility,0.06235137287444733,0.9307235979109298,0.006925029214777662,0.2742780308664555
2019-06-04,96.5,67,1,Low Volatility,0.6079455828621324,0.3861114061127494,0.0059430110248061266,0.7004522965159931
2019-06-05,182.0,49,1,Low Volatility,0.49522908319933867,0.502362765414279,0.0024081513863739006,0.7083762143093667
2019-06-06,170.099609375,33,1,Low Volatility,0.5402659455635045,0.45866225700242486,0.0010717974342029574,0.6974680184516614
2019-06-07,160.7001953125,2,1,Low Volatility,0.5205712537447573,0.4789605407699907,0.0004682054852076045,0.6960139052235983
2019-06-11,213.2001953125,43,0,Normal Volatility,0.17560558240744165,0.8210102023686021,0.0033842152241729834,0.4866394911305236
2019-06-12,96.7001953125,62,0,Normal Volatility,0.46472486393459217,0.5257384507240295,0.009536685341590663,0.7385179497986094
2019-06-13,270.0,59,0,Normal Volatility,0.0009290885180107891,0.9861557918045449,0.012915119677095709,0.07640664439688707
2019-06-14,221.599609375,81,0,Normal Volatility,0.04890615552630003,0.9440274384566281,0.007066406016650557,0.23696325697084036
2019-06-17,133.5,70,1,Low Volatility,0.6238118580080636,0.37140179891337444,0.004786343078516298,0.6878120712293736
2019-06-18,120.099609375,35,1,Low Volatility,0.6582684439671155,0.33757918495395434,0.00415237107894223,0.6646177675214718
2019-06-19,273.5,51,0,Normal Volatility,0.0006542265092560283,0.9866086373007938,0.012737136190042244,0.07367322005540933
2019-06-20,263.900390625,89,0,Normal Volatility,0.00042394430545033277,0.982832282374725,0.016743773319406366,0.08878930690935176
2019-06-21,275.7998046875,27,0,Normal Volatility,0.0005293335589040952,0.996715173572793,0.002755492868491466,0.023513973511137334
2019-06-24,82.19921875,66,1,Low Volatility,0.7475871659246068,0.2512931530674218,0.0011196810076887919,0.5721540726012565
2019-06-25,111.19921875,36,1,Low Volatility,0.9111394652942885,0.08864475016374558,0.00021578454196942242,0.3014082218665897
2019-06-26,66.0,7,1,Low Volatility,0.9125112511742142,0.0873688582073651,0.00011989061855453338,0.29759908645541067
2019-06-27,131.7001953125,7,1,Low Volatility,0.7825914553543488,0.2171665467220049,0.00024199792383817784,0.525496015626484
2019-06-28,226.599609375,45,0,Normal Volatility,0.04627965143655181,0.9499087487375981,0.003811599826004484,0.2122645048855875
2019-07-01,219.400390625,64,0,Normal Volatility,0.040855114751347454,0.9523565592506241,0.006788325998036549,0.21102443943520438
2019-07-02,142.0,74,0,Normal Volatility,0.31707304608565995,0.676225263422826,0.006701690491556428,0.6623009899896193
2019-07-03,249.7001953125,30,0,Normal Volatility,0.01595666520907946,0.9827664510182815,0.001276883772208694,0.09161923670723254
2019-07-04,122.2998046875,4,1,Low Volatility,0.7188187474403275,0.28095421104621415,0.0002270415135919771,0.5959093610367512
2019-07-05,180.0,33,1,Low Volatility,0.694292020342293,0.3055703217277327,0.00013765793024847218,0.6168217305341023
2019-07-08,96.7001953125,43,1,Low Volatility,0.9106350003939804,0.08927019618420755,9.480342165341098e-05,0.30181022838495514
2019-07-09,116.2998046875,15,1,Low Volatility,0.9483859826743967,0.05159012753943911,2.3889786227271328e-05,0.20344778473021471
2019-07-10,88.099609375,46,1,Low Volatility,0.9394524759110162,0.06042394910882726,0.0001235749803751617,0.229360317961161
2019-07-11,152.900390625,63,1,Low Volatility,0.8930458836251267,0.1067750614740603,0.00017905490090498543,0.3414229187352934
2019-07-12,96.2998046875,73,1,Low Volatility,0.9197706853672711,0.07979415787773755,0.00043515675496016407,0.28203324102398747
2019-07-15,128.5,97,1,Low Volatility,0.8756994988045801,0.12346409860759519,0.0008364025880303763,0.38042348106577867
2019-07-16,171.7001953125,92,1,Low Volatility,0.7065325769173556,0.29171381594632523,0.0017536071366374925,0.6159542167353612
2019-07-17,126.19921875,78,1,Low Volatility,0.6519348105278606,0.34474899966446715,0.003316189807731083,0.664973155267047
2019-07-18,277.400390625,59,0,Normal Volatility,0.0020032782309440354,0.9945693463475044,0.00342737542150951,0.03731583657838735
2019-07-19,152.0,25,1,Low Volatility,0.6218645936556415,0.3776380946989734,0.0004973116456756633,0.6669399808095844
2019-07-22,148.599609375,34,1,Low Volatility,0.8124957498746247,0.1872816636333446,0.00022258649226580585,0.48430564782118335
2019-07-23,148.2001953125,57,1,Low Volatility,0.8657228646146246,0.1340585274470712,0.000218607938484583,0.3960592075660001
2019-07-24,139.099609375,75,1,Low Volatility,0.8985429147960399,0.10123292804750718,0.00022415715635004234,0.32986741255288127
2019-07-25,75.1005859375,85,1,Low Volatility,0.915087462490876,0.0846306487092746,0.000281888800190167,0.2924969219403302
2019-07-26,119.5,67,1,Low Volatility,0.9357658293621585,0.06410596634869904,0.00012820428892124525,0.23938751509633968
2019-07-29,111.2001953125,57,1,Low Volatility,0.942890121993578,0.05698295193204526,0.0001269260745974816,0.21984225179267028
2019-07-30,77.3994140625,34,1,Low Volatility,0.9333744248856738,0.06629360746037828,0.0003319676538081926,0.2469127376934016
2019-07-31,136.8994140625,54,1,Low Volatility,0.8766639904339258,0.12148374021387175,0.0018522693526405278,0.3831345241382434
2019-08-01,74.7001953125,52,1,Low Volatility,0.7187372268913139,0.26803930293226563,0.013223470176818655,0.6474777028465168
2019-08-02,299.0,71,0,Normal Volatility,5.0249324070812204e-05,0.9435898299782562,0.05635992069775431,0.21737668208474767
2019-08-05,244.7998046875,7,0,Normal Volatility,0.0014681124740404477,0.9198899080804188,0.07864197944563109,0.2863643539157695
2019-08-06,446.0,37,0,Normal Volatility,1.6505120190491356e-15,0.6118118508243161,0.3881881491755859,0.6679307204234941
2019-08-07,126.2001953125,89,0,Normal Volatility,0.24071679124573478,0.5902754215612408,0.1690077871929502,0.9544499791781655
2019-08-08,226.30078125,63,0,Normal Volatility,0.07659861247415758,0.9006889285798277,0.022712458946416367,0.3769662594595714
2019-08-09,113.2998046875,40,1,Low Volatility,0.7682247542536015,0.22718117047127223,0.004594075275555118,0.5639741226936434
2019-08-12,115.599609375,59,1,Low Volatility,0.8749916148759553,0.1219292076934322,0.0030791774304420867,0.3912318228798927
2019-08-13,145.3994140625,48,1,Low Volatility,0.7961768715940643,0.1988974779542445,0.00492565045137484,0.5288597858232732
2019-08-14,149.80078125,0,1,Low Volatility,0.5423466873173804,0.4335162913436253,0.024137021338623645,0.7840653497004871
2019-08-15,563.599609375,59,2,High Volatility,9.622059150789501e-29,0.00433324595899342,0.9956667540411347,0.02790293470218171
2019-08-16,116.400390625,64,0,Normal Volatility,0.0016777457737930882,0.49291636059549787,0.5054058936302617,0.7043037718922229
2019-08-19,239.5,45,0,Normal Volatility,0.001516273173872575,0.7882222075686408,0.21026151925733458,0.5253027402582628
2019-08-20,249.2998046875,69,0,Normal Volatility,0.003547992588169987,0.9026830796318983,0.09376892777996725,0.3343793438814902
2019-08-21,123.8994140625,59,0,Normal Volatility,0.36356861251148753,0.5930368895148461,0.043394497974063424,0.8138619524309973
2019-08-22,229.0,66,0,Normal Volatility,0.06272580104817856,0.9215915627696749,0.01568263618180117,0.31410199674107087
2019-08-23,87.7001953125,12,0,Normal Volatility,0.47868838550904264,0.5155477812656799,0.005763833225550405,0.7239349872022788
2019-08-26,368.5,25,0,Normal Volatility,1.2657077233043626e-08,0.9907393108772825,0.009260676466046839,0.05257619127850302
2019-08-27,83.2001953125,44,1,Low Volatility,0.7323838214301677,0.2643339840427245,0.0032821945267441357,0.5985804539014956
2019-08-28,119.5,58,1,Low Volatility,0.8265043717416756,0.1718127671483438,0.0016828611097070454,0.47086174926952823
2019-08-29,159.30078125,23,1,Low Volatility,0.6331634284415046,0.3661717586335856,0.0006648129244864157,0.6621118443139359
2019-08-30,218.0,0,0,Normal Volatility,0.18575050879717817,0.8140113135160015,0.0002381776870855786,0.48217834769016504
2019-09-02,166.5,33,1,Low Volatility,0.57772123980348,0.4218576081396201,0.0004211520568137845,0.6843481527923118
2019-09-03,109.7001953125,35,1,Low Volatility,0.8314685281228676,0.16780221475233048,0.0007292571245376613,0.4582469304293795
2019-09-04,134.69921875,87,1,Low Volatility,0.7177656092428945,0.28007803161278716,0.00215635914411569,0.6077101293672027
2019-09-05,215.7998046875,53,0,Normal Volatility,0.1758852088995181,0.821049881525919,0.0030649095749871232,0.48530153393360526
2019-09-06,170.2001953125,54,0,Normal Volatility,0.396130343927461,0.6003945148664311,0.0034751412064073415,0.6928003655031904
2019-09-09,49.2001953125,18,0,Normal Volatility,0.4648263925063458,0.5308695026385507,0.004304104855357989,0.7157163133046524
2019-09-10,268.900390625,60,0,Normal Volatility,0.003814430149637234,0.9925613091632114,0.0036242606870269733,0.04902210455075571
2019-09-11,122.2001953125,17,1,Low Volatility,0.6723027429438672,0.3261095006785534,0.0015877563776685215,0.6425821390624105
2019-09-12,171.099609375,17,1,Low Volatility,0.6220170065643613,0.37244147229837954,0.0055415211375554815,0.6919682816166063
2019-09-13,99.5,16,1,Low Volatility,0.5849484666444116,0.3516448109095584,0.06340672244605787,0.8560711376514876
2019-09-16,619.2998046875,62,2,High Volatility,8.645040362743952e-37,0.00023998130444583815,0.9997600186953314,0.0022401845689428296
2019-09-17,141.7998046875,4,0,Normal Volatility,8.710912717711627e-05,0.9215881314256331,0.07832475944739069,0.27555299143477296
2019-09-18,243.8994140625,24,0,Normal Volatility,0.008512002661591501,0.9834539748125237,0.008034022525947766,0.09573563630113642
2019-09-19,137.30078125,87,1,Low Volatility,0.6646185750122513,0.3319860384130242,0.0033953865748866923,0.6568970138515059
2019-09-20,68.69921875,100,1,Low Volatility,0.822700492420698,0.17497671458260533,0.00232279299638957,0.47965078174532627
2019-09-23,130.0,56,1,Low Volatility,0.8774345335696964,0.12143465451221808,0.0011308119183310863,0.3784297660550716
2019-09-24,65.2001953125,42,1,Low Volatility,0.8034571104663525,0.1950035863590296,0.0015393031742033931,0.5045705276325226
2019-09-25,203.6005859375,41,1,Low Volatility,0.43937728252598307,0.5600330930219027,0.0005896244519550672,0.6904113938889768
2019-09-26,148.2001953125,34,1,Low Volatility,0.7760243933169956,0.2237707249834393,0.00020488169967936435,0.5335322136073777
2019-09-27,138.0,22,1,Low Volatility,0.8872717768604095,0.11265277441569928,7.544872353047651e-05,0.3528085023124287
2019-09-30,143.30078125,8,1,Low Volatility,0.8866678453495783,0.11327879422303687,5.336042729875274e-05,0.35388793926189327
2019-10-01,149.19921875,12,1,Low Volatility,0.7950875565122595,0.20472696783041494,0.00018547565719627342,0.5086226569166387
2019-10-02,170.2001953125,9,1,Low Volatility,0.48403737376619027,0.5146430315497527,0.0013195946841768826,0.7018316664633526
2019-10-03,378.5,50,0,Normal Volatility,3.1433487169021854e-09,0.9763568251629673,0.023643171693387068,0.1118976414918445
2019-10-04,98.69921875,92,1,Low Volatility,0.7003463804994994,0.2900369023261833,0.009616717174049537,0.6531043398988978
2019-10-07,131.7001953125,78,1,Low Volatility,0.8157216274523008,0.18013621024016038,0.0041421623079631485,0.4976350710591154
2019-10-08,154.0,64,1,Low Volatility,0.7316053541092895,0.26634405228605307,0.0020505936044384644,0.5936935810466857
2019-10-09,195.099609375,28,1,Low Volatility,0.5091640045100647,0.49037499761426384,0.0004609978756888096,0.6966533672551083
2019-10-10,117.7001953125,9,1,Low Volatility,0.7679082254010269,0.23182234800474982,0.0002694265944647657,0.5438817436890072
2019-10-11,169.0,2,1,Low Volatility,0.492573722856138,0.5070676482817515,0.0003586288624996375,0.695997166786573
2019-10-14,339.2998046875,25,0,Normal Volatility,9.205245751531172e-07,0.9969016998710971,0.0030973796045927,0.02100046695695495
2019-10-15,130.5,55,1,Low Volatility,0.7126909064837559,0.2863519940432755,0.000957099472550101,0.6061398598122233
2019-10-16,149.3994140625,58,1,Low Volatility,0.8483553845533074,0.15143760649985247,0.00020700894669274352,0.4271236732731409
2019-10-17,96.1005859375,25,1,Low Volatility,0.9382944661941336,0.06164914704648141,5.6386759394063384e-05,0.23208574647606306
2019-10-18,136.2001953125,42,1,Low Volatility,0.9331372268405536,0.06682288613065468,3.988702917226275e-05,0.24578326457072552
2019-10-21,107.599609375,34,1,Low Volatility,0.9498637504487276,0.050097093033284086,3.9156517825947976e-05,0.19923553006534447
2019-10-22,118.900390625,43,1,Low Volatility,0.9402741035114144,0.059655540863483625,7.035562504600073e-05,0.2267574395550528
2019-10-23,86.30078125,0,1,Low Volatility,0.9017318372006918,0.09819354966009446,7.461313887931801e-05,0.3218715306487835
2019-10-24,202.7998046875,28,1,Low Volatility,0.5109283932888313,0.4888716140783746,0.00019999263257664167,0.6946685929671441
2019-10-25,70.2001953125,53,1,Low Volatility,0.8461499508992808,0.15359742934657863,0.00025261975401180795,0.43120183407912027
2019-10-28,101.6005859375,5,1,Low Volatility,0.9485184580472121,0.05146465808405778,1.688386849422781e-05,0.2030069953082787
2019-10-29,90.5,31,1,Low Volatility,0.9538271302696818,0.046141944269712236,3.092546074205804e-05,0.18734537290259246
2019-10-30,122.099609375,15,1,Low Volatility,0.9481766945613878,0.05179815179389653,2.5153644535930234e-05,0.2040663413322108
2019-10-31,127.7998046875,48,1,Low Volatility,0.913127804338041,0.08668098038915509,0.0001912152725312711,0.29660187625338796
2019-11-01,164.6005859375,98,1,Low Volatility,0.7980774222591849,0.20140373738745448,0.0005188403533335615,0.506668718463638
2019-11-04,171.3994140625,40,1,Low Volatility,0.7693420834738497,0.2304023728528734,0.00025554367329153575,0.5420645409942725
2019-11-05,123.7001953125,72,1,Low Volatility,0.885247471612878,0.11431883993650035,0.0004336884508491415,0.35918978474694024
2019-11-06,136.69921875,59,1,Low Volatility,0.8678642504442245,0.13153554346261762,0.0006002060935839357,0.39426314559153386
2019-11-07,149.2998046875,82,1,Low Volatility,0.737152492964696,0.26157329819905056,0.0012742088364167104,0.5840759890326226
2019-11-08,206.2998046875,43,1,Low Volatility,0.3977534596405353,0.6017179007450969,0.0005286396139409543,0.6763392862618385
2019-11-11,134.400390625,35,1,Low Volatility,0.8170057507744957,0.18277227192476844,0.0002219773009001219,0.47761590750358845
2019-11-12,88.2001953125,80,1,Low Volatility,0.9059944500711661,0.0936851770293507,0.00032037289948472745,0.31384859725915004
2019-11-13,143.7001953125,43,1,Low Volatility,0.9105998814749119,0.08929916923254146,0.00010094929292591288,0.3019336753355903
2019-11-14,82.2001953125,65,1,Low Volatility,0.9314893310656075,0.06834632309557413,0.0001643458387904471,0.2509249705340741
2019-11-15,108.400390625,78,1,Low Volatility,0.9388700223170647,0.060998422658902006,0.00013155502434428353,0.2310047788198307
2019-11-18,71.7001953125,13,1,Low Volatility,0.9352792170758796,0.0646378791684839,8.290375581478267e-05,0.24039902479418926
2019-11-19,119.2998046875,30,1,Low Volatility,0.8639524088713266,0.13578341048456682,0.000264180644428232,0.39963682618074703
2019-11-20,201.19921875,24,0,Normal Volatility,0.43950469275077453,0.5599722913245376,0.0005230159247368346,0.6899816882994968
2019-11-21,131.900390625,41,0,Normal Volatility,0.6385332572475723,0.3598894985607203,0.0015772441919254855,0.6644027573157637
2019-11-22,194.30078125,49,0,Normal Volatility,0.31970992219667765,0.6774933822551248,0.0027966955478754946,0.6448068218506873
2019-11-25,163.400390625,68,0,Normal Volatility,0.32097764872126106,0.6747783147846644,0.004244036494171414,0.6533740083550554
2019-11-26,258.2998046875,34,0,Normal Volatility,0.008403099704965621,0.9906793808293326,0.0009175194654912302,0.055853740832677856
2019-11-27,126.69921875,0,1,Low Volatility,0.8027861285659531,0.1971634922761413,5.037915754716756e-05,0.4969828188577138
2019-11-28,90.599609375,16,1,Low Volatility,0.9281393959946027,0.07173211752408028,0.00012848648108359706,0.25936663956155903
2019-11-29,84.2998046875,58,1,Low Volatility,0.9044795656167367,0.09428574107475501,0.001234693308414596,0.3217231314081039
2019-12-02,99.900390625,75,1,Low Volatility,0.7656968584775072,0.22931370481494762,0.00498943670751435,0.5685655569363289
2019-12-03,227.2998046875,60,0,Normal Volatility,0.04701941562461873,0.9354953816358922,0.017485202739785297,0.2768775985070865
2019-12-04,0.0,46,0,Normal Volatility,0.06168382185911348,0.8932403393594606,0.04507583878166884,0.41238962501175946
2019-12-05,205.8994140625,23,0,Normal Volatility,0.12239244484983279,0.8715890821331996,0.006018473016615969,0.4076488471169242
2019-12-06,82.30078125,35,0,Normal Volatility,0.5565319522398369,0.43882455246345675,0.004643495296447138,0.712531298906719
2019-12-09,209.30078125,77,0,Normal Volatility,0.27506283933924003,0.7218970327392706,0.0030401279213023444,0.6079056521547547
2019-12-10,100.900390625,18,1,Low Volatility,0.6795993207258585,0.3182150989202963,0.0021855803542388547,0.6402502178038072
2019-12-11,0.0,61,1,Low Volatility,0.38670569816229705,0.6054346734302527,0.007859628407062636,0.7093059537457483
2019-12-12,86.400390625,36,1,Low Volatility,0.8314899592703243,0.16677717255191055,0.0017328681776499503,0.46317144983485886
2019-12-13,130.1005859375,61,1,Low Volatility,0.8747577999112528,0.12451089385064862,0.0007313062381490193,0.38173159391264233
2019-12-16,170.7998046875,18,1,Low Volatility,0.7873071521656544,0.21248287075144287,0.00020997708258121378,0.5191657484892732
2019-12-17,55.80078125,52,1,Low Volatility,0.8286527415885823,0.17027612907148323,0.00107112933952856,0.46451977715976717
2019-12-18,26.7001953125,16,1,Low Volatility,0.7947473239217991,0.20477490297872739,0.00047777309952638157,0.5109724048619728
2019-12-19,141.900390625,1,1,Low Volatility,0.9005209583558488,0.09945220682617849,2.6834818083469698e-05,0.32418416057839644
2019-12-20,138.099609375,33,1,Low Volatility,0.9198095938279259,0.0801330881097198,5.731806191854069e-05,0.27970664704157455
2019-12-23,81.19921875,86,1,Low Volatility,0.9262289623253421,0.07359042593193507,0.00018061174295454308,0.2645522892458405
2019-12-24,121.30078125,33,1,Low Volatility,0.9377607906583557,0.06215802202066745,8.118732120754687e-05,0.2337052224105459
2019-12-27,54.2001953125,31,1,Low Volatility,0.9071179553148533,0.09263834423130153,0.0002437004539313313,0.3108473208619412
2019-12-30,99.599609375,44,1,Low Volatility,0.8929054428671607,0.10671419634936194,0.00038036078385427754,0.342922408940972
2019-12-31,185.7001953125,24,1,Low Volatility,0.6518246509162775,0.347914731484523,0.0002606175989255624,0.6484460764751102
2020-01-02,82.7001953125,2,1,Low Volatility,0.7395790327869117,0.26005028430422433,0.0003706829091906193,0.5762969123148715
2020-01-03,225.900390625,32,0,Normal Volatility,0.10048866576506472,0.898303937076691,0.0012073971582011458,0.335346925481439
2020-01-06,177.1005859375,5,0,Normal Volatility,0.37022670588750645,0.6294387479263257,0.0003345461865134276,0.6619332765173698
2020-01-07,171.2998046875,0,1,Low Volatility,0.5506530066546442,0.44919102351367085,0.0001559698312878822,0.689405293867869
2020-01-08,177.2998046875,1,1,Low Volatility,0.6405874674759865,0.35933464707264084,7.78854515345278e-05,0.6538144334890198
2020-01-09,139.900390625,44,1,Low Volatility,0.8373125283728932,0.16242402031822414,0.0002634513086400768,0.44605567322472683
2020-01-10,139.900390625,88,1,Low Volatility,0.8625058898400135,0.13709190725666026,0.00040220290347341527,0.4031365778127186
2020-01-13,173.3994140625,0,1,Low Volatility,0.815271551760331,0.1847090446131279,1.940362652539665e-05,0.47868539146817196
2020-01-14,121.8994140625,0,1,Low Volatility,0.9381004451440269,0.06189124673165476,8.308124425417866e-06,0.23224492040343145
2020-01-15,96.2001953125,32,1,Low Volatility,0.9538327318475932,0.046139734681381245,2.7533471162730456e-05,0.18730342546246923
2020-01-16,93.5,36,1,Low Volatility,0.9540682979465023,0.04589766679937227,3.403525443121228e-05,0.18663683032785466
2020-01-17,125.5,0,1,Low Volatility,0.9490067689674924,0.050976973585281866,1.6257446934344192e-05,0.20157657360651507
2020-01-20,77.30078125,46,1,Low Volatility,0.906113791052892,0.09346308518895073,0.00042312375851069606,0.31414601773202877
2020-01-21,145.2998046875,37,1,Low Volatility,0.7466766778671824,0.2523915878566316,0.0009317342761620123,0.5721095595704628
2020-01-22,193.0,91,0,Normal Volatility,0.24321418162963349,0.7521928308657855,0.00459298750440124,0.582780769843537
2020-01-23,251.7998046875,78,0,Normal Volatility,0.012691860676618507,0.982902955049253,0.004405184273973013,0.09627080282664656
2020-01-24,66.19921875,64,1,Low Volatility,0.6900650082998917,0.30703878229353315,0.002896209406874001,0.6354651453962925
2020-01-28,96.400390625,35,1,Low Volatility,0.8836051590029473,0.11472556911528319,0.00166927188193845,0.36842252044678375
2020-01-29,117.2998046875,2,1,Low Volatility,0.8348094081916085,0.16141278937386808,0.0037778024341842604,0.46618434390110264
2020-01-30,0.0,15,0,Normal Volatility,0.3146912098942033,0.5421780076345752,0.14313078247166822,0.9739803814487531
2020-01-31,106.400390625,85,0,Normal Volatility,0.33515193165597856,0.3455606200171438,0.31928744832651823,1.0980855929984836
2020-02-03,473.3994140625,63,2,High Volatility,9.554454673771435e-18,0.24739547411496227,0.7526045258847858,0.5594556488596929
2020-02-04,178.80078125,0,0,Normal Volatility,0.05719551970640601,0.8996634928512133,0.04314098744220403,0.3943821122852
2020-02-05,0.0,0,0,Normal Volatility,0.21374054305350532,0.7733291406079977,0.012930316338434963,0.5848080489788356
2020-02-06,111.3994140625,2,0,Normal Volatility,0.6122197717201397,0.38628703404813275,0.001493194231607352,0.6775365532952218
2020-02-07,209.599609375,25,0,Normal Volatility,0.20072664773331,0.7982249224241276,0.001048429842893079,0.5094136741603967
2020-02-10,182.2001953125,4,0,Normal Volatility,0.3720241276909758,0.6274967775324665,0.00047909477664113883,0.6639421998579735
2020-02-11,25.900390625,12,1,Low Volatility,0.5715610931455555,0.4254333576584447,0.003005549196260446,0.7007715128446415
2020-02-12,87.19921875,85,1,Low Volatility,0.7180471200974514,0.27655134641851303,0.005401533484167116,0.6215011251869429
2020-02-13,0.0,29,1,Low Volatility,0.46030677976465173,0.5344244698167376,0.005268750418989571,0.7196258468768288
2020-02-14,140.2001953125,76,1,Low Volatility,0.8071359677462269,0.192131003103394,0.0007330291507606757,0.4951657726556786
2020-02-17,96.0,12,1,Low Volatility,0.9369872119249116,0.06294844432975469,6.434374549659413e-05,0.2356855132217016
2020-02-18,122.900390625,54,1,Low Volatility,0.9354743809039149,0.06442325807467336,0.00010236102108448453,0.24000460173944346
2020-02-19,136.5,46,1,Low Volatility,0.9158606080816388,0.08394705304909399,0.00019233886907454674,0.2901263127690398
2020-02-20,136.5,77,1,Low Volatility,0.877930329911939,0.12117378457827507,0.0008958855095928458,0.3763239325871883
2020-02-21,136.8994140625,4,1,Low Volatility,0.7609484647368547,0.23579592642132757,0.003255608841937791,0.5672045944813972
2020-02-24,0.0,28,0,Normal Volatility,0.15445442542998858,0.7190447449967267,0.12650082957327446,0.7872036777539293
2020-02-25,315.7998046875,15,0,Normal Volatility,1.5421071754234954e-06,0.7979184535146246,0.202080004378616,0.5032942677918144
2020-02-26,276.7998046875,52,0,Normal Volatility,5.161442030604664e-05,0.6009636682222267,0.3989847173577852,0.6731327132794571
2020-02-27,260.400390625,92,0,Normal Volatility,0.00012815594141959622,0.3327265422232135,0.6671453018357705,0.6373176087390655
2020-02-28,414.400390625,47,2,High Volatility,8.263605615994758e-15,0.027606888065720096,0.9723931119344992,0.12632243117635814
2020-03-02,420.2998046875,42,2,High Volatility,2.0374608201371743e-15,0.019062614390592085,0.980937385609219,0.09436821000105138
2020-03-03,187.80078125,91,2,High Volatility,0.0013757427470148654,0.15322397331247609,0.8454002839402261,0.4384711255661262
2020-03-04,270.599609375,54,2,High Volatility,4.0903547690071685e-05,0.2071624277280831,0.7927966687240259,0.5106174598062287
2020-03-05,175.19921875,57,2,High Volatility,0.019000822143438685,0.1938370378082284,0.787162140047976,0.5817255929421881
2020-03-06,282.19921875,62,2,High Volatility,6.815141974638169e-06,0.11837349600186117,0.8816196888563097,0.36375875221736453
2020-03-09,1817.7998046875,64,2,High Volatility,0.0,5.056976766895887e-88,1.0,1.1644119319071696e-86
2020-03-10,849.39990234375,36,2,High Volatility,2.0993852830259877e-103,1.3722196728212365e-16,1.0,3.159652562951346e-15
2020-03-11,480.10009765625,38,2,High Volatility,2.79041787623986e-37,4.767848258333278e-05,0.9999523215171988,0.0005221273739044243
2020-03-12,757.2998046875,62,2,High Volatility,1.4508706787294028e-69,3.7226288915865664e-13,1.0,8.571669792516176e-12
2020-03-13,1220.599609375,62,2,High Volatility,6.5868215150895494e-205,2.141245257875723e-37,1.0,4.930399411228831e-36
2020-03-16,970.599609375,62,2,High Volatility,1.4531600796368109e-133,1.3711533259837898e-22,1.0,3.1571972086194798e-21
2020-03-17,448.39990234375,76,2,High Volatility,3.305611218153944e-36,8.766405455139798e-05,0.9999123359458398,0.0009066176873988414
2020-03-18,666.0,27,2,High Volatility,3.6453136186481786e-52,1.337606940538828e-09,0.9999999986621333,2.866836493396936e-08
2020-03-19,454.7998046875,35,2,High Volatility,1.8120398980129884e-27,0.0001564234609583775,0.9998435765391992,0.0015271412132216462
2020-03-20,453.19970703125,40,2,High Volatility,2.846656214449929e-22,0.00014488103588932452,0.9998551189644532,0.0014255605961089066
2020-03-23,456.80029296875,66,2,High Volatility,1.0154866577823929e-22,7.752072311442144e-05,0.9999224792772181,0.0008112486693612362
2020-03-24,383.19970703125,92,2,High Volatility,5.989528917531767e-16,0.0009531686360724854,0.9990468313640206,0.0075826871488589255
2020-03-25,419.2001953125,15,2,High Volatility,1.114493386536423e-17,0.0017810475072834722,0.9982189524930111,0.013054477209369631
2020-03-26,359.60009765625,42,2,High Volatility,8.244903789105943e-13,0.0035471219884530827,0.9964528780104233,0.023552333302778894
2020-03-27,561.30029296875,60,2,High Volatility,1.125381927224842e-33,1.702917065300496e-06,0.9999982970826697,2.4323049104630603e-05
2020-03-30,324.7001953125,31,2,High Volatility,3.2579739096413364e-13,0.017693891516748956,0.9823061084828895,0.0889230620819963
2020-03-31,357.30029296875,17,2,High Volatility,1.7761385559108e-11,0.015447579261070515,0.9845524207211737,0.07974873234769625
2020-04-01,548.0,79,2,High Volatility,2.3433604702604953e-31,3.565858879156783e-06,0.9999964341413855,4.8296362639062876e-05
2020-04-02,322.69970703125,37,2,High Volatility,5.218404269639005e-13,0.008696565185342363,0.9913034348136814,0.04992233847056799
2020-04-03,645.89990234375,48,2,High Volatility,3.8610880267503266e-46,1.799557958993545e-08,0.9999999820047379,3.3891294648202115e-07
2020-04-06,389.7998046875,67,2,High Volatility,4.354299245021577e-19,0.024206587707865927,0.975793412292257,0.1139870861558177
2020-04-07,318.7998046875,72,2,High Volatility,3.7246534867747905e-08,0.3260380493244057,0.673961913429408,0.631337930754772
2020-04-08,184.60009765625,18,0,Normal Volatility,0.03072293494447665,0.8801613930570452,0.0891156719982719,0.43481842436790585
2020-04-09,257.89990234375,0,0,Normal Volatility,0.0007810284045896047,0.9845462109455271,0.014672760649664354,0.08286684972243989
2020-04-14,197.39990234375,56,0,Normal Volatility,0.04734407944132736,0.9353363069118652,0.017319613646521723,0.2771875938726248
2020-04-15,271.60009765625,95,0,Normal Volatility,0.0003339006511591326,0.9735218263967201,0.02614427295230962,0.12407025654844893
2020-04-16,206.7998046875,40,0,Normal Volatility,0.0472005311572694,0.9365040715707798,0.01629539727181169,0.2726418094763185
2020-04-17,173.19970703125,71,0,Normal Volatility,0.1505917020583199,0.8258954472103462,0.023512850731036757,0.5312588821443048
2020-04-20,312.60009765625,80,0,Normal Volatility,5.1422126800445e-06,0.96214894111055,0.037845916676666785,0.1611044348237013
2020-04-21,199.39990234375,18,0,Normal Volatility,0.042938549156348545,0.9477459659730171,0.009315484870699966,0.22959421780643735
2020-04-22,282.0,32,0,Normal Volatility,0.0001019215135952948,0.9883532588615341,0.011544819624423153,0.06402287084355637
2020-04-23,197.7001953125,83,0,Normal Volatility,0.08714396068883759,0.9000808896743367,0.0127751496372497,0.36310313659812843
2020-04-24,198.10009765625,41,0,Normal Volatility,0.19803297361067515,0.7899873915608597,0.011979634828324209,0.5599138362690335
2020-04-27,111.60009765625,19,1,Low Volatility,0.6257029546419347,0.3442775811844479,0.03001946417375169,0.7657304317355653
2020-04-28,140.39990234375,93,1,Low Volatility,0.4094350542992099,0.3882083261310401,0.20235661956968634,1.0562538737265306
2020-04-29,372.2001953125,85,2,High Volatility,1.920621236168431e-10,0.1036619936216849,0.8963380061866448,0.33305549282856656
2020-04-30,571.7001953125,63,2,High Volatility,3.683377543002809e-34,3.1225434930852343e-06,0.9999968774567244,4.270659343127702e-05
2020-05-01,471.0,70,2,High Volatility,3.3823446077653345e-24,0.001612412324045462,0.9983875876758641,0.011978961441736206
2020-05-04,304.5,35,0,Normal Volatility,7.46716423639095e-09,0.4396026277957891,0.5603973647366016,0.6858337915843722
2020-05-05,303.60009765625,24,0,Normal Volatility,3.566443741090013e-06,0.761441400246525,0.23855503330941671,0.5494559449234068
2020-05-06,198.60009765625,74,0,Normal Volatility,0.09029746190676116,0.8125247909532354,0.09717774713965639,0.6123628432592642
2020-05-07,147.30029296875,61,0,Normal Volatility,0.33882723417989785,0.6127534960182277,0.04841926980211022,0.8134295774381903
2020-05-08,196.69970703125,59,0,Normal Volatility,0.13430651277597994,0.8368407431663099,0.02885274405792923,0.5209960540929198
2020-05-11,203.0,66,0,Normal Volatility,0.05851413315775138,0.9164286876144782,0.0250571792279919,0.33844494327582275
2020-05-12,222.39990234375,71,0,Normal Volatility,0.0139610357076667,0.9588758448984455,0.02716311939345571,0.19784843560432758
2020-05-13,241.7001953125,39,0,Normal Volatility,0.002854732075876743,0.9675564518942545,0.02958881602954711,0.15279995953745412
2020-05-14,208.60009765625,42,0,Normal Volatility,0.02442484266452804,0.922790197145993,0.05278496018916766,0.32008658732580686
2020-05-15,227.39990234375,22,0,Normal Volatility,0.005828045236541379,0.8538595243684833,0.1403124303951038,0.4404430788040107
2020-05-18,0.0,84,2,High Volatility,0.0078066877500839685,0.3296486559255476,0.662544656324019,0.6764523778070912
2020-05-19,410.7001953125,60,2,High Volatility,5.155867036598042e-13,0.2690250451195196,0.7309749548796957,0.5822867148677293
2020-05-20,166.30029296875,65,0,Normal Volatility,0.052853997231177056,0.5927212330879852,0.35442476968058734,0.8330444553074555
2020-05-21,204.19970703125,56,0,Normal Volatility,0.029174352690953993,0.7809900619694691,0.1898355853399108,0.6116011234763649
2020-05-22,262.5,94,0,Normal Volatility,0.0005264552529851773,0.8695267315772679,0.12994681316988135,0.39071299261403925
2020-05-25,214.0,57,0,Normal Volatility,0.016147067423519346,0.9197477282429105,0.06410520433316921,0.3196770775335479
2020-05-26,261.2001953125,48,0,Normal Volatility,0.000489117303760979,0.9636937430695077,0.03581713962639481,0.1586145892533896
2020-05-27,243.60009765625,65,0,Normal Volatility,0.006770021228949592,0.9773603056466215,0.015869673124068947,0.12195295216981517
2020-05-28,167.80029296875,50,0,Normal Volatility,0.39387834684868633,0.6016721443112389,0.004449508839956693,0.6967506433002437
2020-05-29,130.7998046875,0,0,Normal Volatility,0.5751190305356523,0.42371788869978155,0.0011630807648418183,0.6898431198752831
2020-06-01,253.0,59,0,Normal Volatility,0.012268113753144301,0.9779981642938204,0.009733721953360227,0.12083507070711988
2020-06-02,100.5,80,0,Normal Volatility,0.3810916675150935,0.5996644889919797,0.01924384349273111,0.7503284167776486
2020-06-03,239.19970703125,45,0,Normal Volatility,0.008948209790168827,0.9669140063765275,0.02413778383336867,0.1646235203981545
2020-06-04,294.7998046875,33,0,Normal Volatility,3.066987262917653e-05,0.9549091109730865,0.0450602191544323,0.18405305071496147
2020-06-05,149.5,0,0,Normal Volatility,0.20796739590410343,0.7144478854517162,0.07758471864451699,0.765152667006297
2020-06-09,435.7001953125,77,2,High Volatility,2.775193204012567e-15,0.10110302539130757,0.8988969746088691,0.32749983060850824
2020-06-10,243.599609375,13,2,High Volatility,0.00011312522959532004,0.14846583868958194,0.8514210360808696,0.42116158131293435
2020-06-11,450.1005859375,88,2,High Volatility,5.342862341979062e-19,0.0011999258841169315,0.9988000741162584,0.009269301803319563
2020-06-12,499.39990234375,80,2,High Volatility,3.522954285207024e-26,2.2378572408826825e-05,0.999977621427499,0.00026199479703305266
2020-06-15,337.60009765625,58,2,High Volatility,8.911262923114108e-13,0.012150114359929135,0.9878498856392176,0.06566306821063425
2020-06-16,427.7001953125,59,2,High Volatility,7.565717926646337e-16,0.030963521600083747,0.9690364784000334,0.1380756757914437
2020-06-17,160.10009765625,47,0,Normal Volatility,0.0074311217806364745,0.723063547883752,0.26950533033585927,0.6242537270301153
2020-06-18,222.10009765625,26,0,Normal Volatility,0.02550310121725353,0.9322139187837103,0.04228297999869495,0.2927613317777099
2020-06-19,141.7998046875,44,0,Normal Volatility,0.399016304173685,0.583597223671585,0.017386472154931845,0.7513414157142343
2020-06-22,184.10009765625,49,0,Normal Volatility,0.21378728819267848,0.7742761362580942,0.011936575549550335,0.5807628490310037
2020-06-23,240.19970703125,77,0,Normal Volatility,0.012580932981218,0.9716406426102965,0.015778424408763626,0.14846861076669846
2020-06-24,164.599609375,60,0,Normal Volatility,0.18360844854251113,0.8015911066070192,0.014800444850648273,0.5508400241507049
2020-06-25,336.60009765625,25,0,Normal Volatility,3.847474283017687e-07,0.9819768680675397,0.01802274718466438,0.0902469396218826
2020-06-26,144.30029296875,44,0,Normal Volatility,0.2935341830858551,0.6963033080000961,0.010162508914310241,0.6584799242737727
2020-06-29,287.39990234375,1,0,Normal Volatility,7.419729567066058e-05,0.9902318454850743,0.009693957219182987,0.05536944988482935
2020-06-30,400.7998046875,38,0,Normal Volatility,1.79746716916185e-11,0.9559079181746191,0.044092081807180154,0.1807377500539283
2020-07-01,98.89990234375,29,1,Low Volatility,0.6674351738040851,0.3213427299992265,0.011222096196938676,0.6850418645034916
2020-07-02,135.0,43,1,Low Volatility,0.633275470276519,0.36153201277097236,0.005192516952532478,0.684451542648769
2020-07-03,246.39990234375,61,0,Normal Volatility,0.03154738292426797,0.9635454690105972,0.004907148065042458,0.1709095562432125
2020-07-06,94.0,71,1,Low Volatility,0.6033763407853852,0.3910390850250483,0.005584574189860974,0.7009709052615551
2020-07-07,178.60009765625,51,1,Low Volatility,0.5158960260830051,0.48127419399884164,0.0028297799184871138,0.7100142347478011
2020-07-08,144.7001953125,32,1,Low Volatility,0.530116525984002,0.4674891604145531,0.0023943136012976995,0.7063607856942992
2020-07-09,254.39990234375,48,0,Normal Volatility,0.005502626810393247,0.9884224488573496,0.006074924331978797,0.07114174777621281
2020-07-10,191.099609375,86,0,Normal Volatility,0.12663712347479517,0.8673471287318446,0.006015747793427442,0.4158848463891843
2020-07-13,198.19970703125,7,0,Normal Volatility,0.2321709020023384,0.7673512118920712,0.0004778861059596482,0.5458916591078207
2020-07-14,145.60009765625,36,1,Low Volatility,0.6825661880280982,0.31694255638204005,0.0004912555897607034,0.6285898038427169
2020-07-15,166.7998046875,23,1,Low Volatility,0.751372860694578,0.24847030368372636,0.0001568356213639138,0.5621343020477235
2020-07-16,139.099609375,5,1,Low Volatility,0.8549255139054518,0.1449567231229215,0.00011776297168907153,0.4150250289165795
2020-07-17,67.19970703125,32,1,Low Volatility,0.758879780862516,0.23968648521271924,0.001433733924437324,0.5611451139746404
2020-07-20,204.2001953125,52,0,Normal Volatility,0.1840303286813385,0.8128958234829694,0.0030738478359189584,0.4976747264949348
2020-07-21,214.10009765625,54,0,Normal Volatility,0.10564750077947203,0.8917313706311103,0.0026211285898261405,0.355222496712343
2020-07-22,173.0,57,1,Low Volatility,0.5073064132081991,0.4920940291560313,0.0005995576357819924,0.6976635035673497
2020-07-23,96.7001953125,27,1,Low Volatility,0.8882260538312879,0.11166466068324109,0.00010928548576049297,0.35107481222987613
2020-07-24,102.39990234375,34,1,Low Volatility,0.9432365416047687,0.056710949760110284,5.250863534707551e-05,0.21838688410904308
2020-07-27,123.5,28,1,Low Volatility,0.9403382132177159,0.059611173206362736,5.0613575679937e-05,0.22644444382583964
2020-07-28,135.30029296875,40,1,Low Volatility,0.9039485670970451,0.09585947209597555,0.00019196080717604933,0.3177043049381273
2020-07-29,162.0,23,1,Low Volatility,0.7983483226464009,0.2008246483430383,0.0008270290108039742,0.5080546873748654
2020-07-30,77.60009765625,45,1,Low Volatility,0.7040802176353324,0.28546751627698425,0.010452266087562083,0.6525776035723185
2020-07-31,287.5,74,0,Normal Volatility,0.00023656679404331866,0.9508316375859059,0.04893179562007357,0.19755771897979663
2020-08-03,0.0,77,0,Normal Volatility,0.05930677429090543,0.8646327493320386,0.07606047637677642,0.48925374044632275
2020-08-04,190.099609375,29,0,Normal Volatility,0.2955033022339473,0.701259735939553,0.0032369618268657764,0.6276595662275836
2020-08-05,94.2001953125,16,1,Low Volatility,0.8504058204463046,0.14925420103554685,0.0003399785181997131,0.4244134777082303
2020-08-06,131.2998046875,98,1,Low Volatility,0.9046467162968016,0.09507860003163708,0.0002746836718240551,0.3166325584556131
2020-08-07,101.0,100,1,Low Volatility,0.9232222642868788,0.07638310935430045,0.00039462635882420643,0.27330164454401334
2020-08-10,132.19970703125,60,1,Low Volatility,0.9042779280050105,0.09497906991815534,0.0007430020764951934,0.31993040759807173
2020-08-11,96.7998046875,80,1,Low Volatility,0.8283748830794245,0.16831189024326026,0.0033132266775195854,0.47481334346946696
2020-08-12,0.0,59,1,Low Volatility,0.40899849372176683,0.580603624365517,0.01039788191239786,0.7288075251826058
2020-08-13,153.2001953125,60,1,Low Volatility,0.7363277011508232,0.26214848857221634,0.0015238102767627943,0.5862354304833638
2020-08-14,115.39990234375,64,1,Low Volatility,0.9016934175633149,0.09784219762208532,0.00046438481492198496,0.32429627116918186
2020-08-17,98.5,51,1,Low Volatility,0.9295893662928961,0.07004831622331377,0.0003623174836724849,0.256970480187144
2020-08-18,102.19970703125,65,1,Low Volatility,0.8829076267199419,0.11626821511216863,0.0008241581682905168,0.3659975077155003
2020-08-19,155.89990234375,50,1,Low Volatility,0.6112090752086997,0.3872922457800931,0.0014986790114310184,0.6780303098046344
2020-08-20,293.2001953125,43,0,Normal Volatility,0.0003732780309778316,0.9975115300536963,0.0021151919153821978,0.01845836595603535
2020-08-21,137.7001953125,48,1,Low Volatility,0.7168753519739216,0.2826418442423171,0.0004828037834205228,0.5994400661285226
2020-08-24,104.89990234375,58,1,Low Volatility,0.9035396952471872,0.09625041118424593,0.00020989356898492125,0.31873148925891365
2020-08-25,142.39990234375,1,1,Low Volatility,0.9271218098539697,0.07286475805939555,1.3432087025659997e-05,0.2611500277836979
2020-08-26,97.89990234375,32,1,Low Volatility,0.9422454487449101,0.05768484567471543,6.970558017962801e-05,0.22128192248383208
2020-08-27,146.400390625,31,1,Low Volatility,0.8929122473493752,0.10695020386197984,0.00013754878848391876,0.34143610773864996
2020-08-28,100.39990234375,32,1,Low Volatility,0.8265772054276779,0.17271998633558913,0.0007028082366261227,0.4658449274108353
2020-08-31,200.2001953125,67,0,Normal Volatility,0.23046042138011083,0.7661258544471694,0.0034137241726915576,0.5617337353082401
2020-09-01,222.10009765625,96,0,Normal Volatility,0.10552657713277543,0.8914972711278025,0.002976151739157827,0.35701106261617743
2020-09-02,111.39990234375,46,1,Low Volatility,0.7273801920096651,0.27041794905550487,0.0022018589346313204,0.5986503931341592
2020-09-03,75.5,47,1,Low Volatility,0.7304847485263728,0.2665360905741501,0.0029791608997897165,0.5991598064788558
2020-09-04,215.0,63,0,Normal Volatility,0.25854053581791947,0.7392218576926033,0.0022376064893785998,0.586744356731751
2020-09-07,135.10009765625,45,1,Low Volatility,0.6774692082109847,0.3204237159357427,0.0021070758528621354,0.6414630610275568
2020-09-08,124.89990234375,99,1,Low Volatility,0.634050928431391,0.3621239110915515,0.0038251604768980035,0.6780157047092288
2020-09-09,329.099609375,30,0,Normal Volatility,4.3050150239904715e-06,0.9960589059194939,0.003936789065093282,0.025786045144742246
2020-09-10,146.60009765625,37,1,Low Volatility,0.6631798826816806,0.336167338122088,0.0006527791965337,0.6436331631077352
2020-09-11,135.2001953125,57,1,Low Volatility,0.8587039364991738,0.14099683889383044,0.0002992246069055347,0.4094506168312038
2020-09-14,140.0,39,1,Low Volatility,0.898612822197149,0.10125776533009063,0.00012941247258453943,0.32911196320876324
2020-09-15,146.2001953125,50,1,Low Volatility,0.8962266639860623,0.1036169871254709,0.00015634888854372002,0.3344677739624254
2020-09-16,72.39990234375,91,1,Low Volatility,0.9064765197772158,0.09315173210226238,0.00037174812012132503,0.3130408903854679
2020-09-17,90.19970703125,99,1,Low Volatility,0.9254122454891162,0.07431469733017093,0.000273057181068385,0.26715197100275073
2020-09-18,85.0,81,1,Low Volatility,0.9319259857047862,0.06787069147085933,0.00020332282445857775,0.2500133324958518
2020-09-21,98.0,26,1,Low Volatility,0.940028494076836,0.05987848480888328,9.302111407341043e-05,0.2275837966045482
2020-09-22,160.89990234375,50,1,Low Volatility,0.8622652795748028,0.13758030676808922,0.00015441365752356462,0.40203326704824927
2020-09-23,139.89990234375,43,1,Low Volatility,0.8855752644201043,0.11423769783613694,0.00018703774381968383,0.3570544604129576
2020-09-24,162.89990234375,81,1,Low Volatility,0.8429114811795761,0.1568354936497826,0.0002530251709839977,0.43669033313481864
2020-09-25,119.5,53,1,Low Volatility,0.9149392685802941,0.0847739087347473,0.0002868226847247042,0.2928777000392262
2020-09-28,118.7001953125,64,1,Low Volatility,0.8944112212513244,0.10480002234270809,0.0007887564058293573,0.3418402700696221
2020-09-29,125.0,100,1,Low Volatility,0.7263838056916132,0.27086229021868286,0.0027539040894666127,0.6022269040423418
2020-09-30,279.7998046875,68,0,Normal Volatility,0.0013681740606851227,0.99161462669411,0.007017199244801386,0.05217327334559631
2020-10-01,104.19970703125,33,0,Normal Volatility,0.4330703863352073,0.5625691915089187,0.004360422155757178,0.7097297753799072
2020-10-02,265.2001953125,9,0,Normal Volatility,0.0009739157560348777,0.9964746607281929,0.0025514235161046353,0.02550724544534122
2020-10-05,291.7998046875,46,0,Normal Volatility,8.02962466531272e-05,0.9947769737706686,0.005142729983093293,0.03306960650112991
2020-10-06,162.0,39,1,Low Volatility,0.5197790836831641,0.4789908636273273,0.0012300526895565706,0.7009329852295261
2020-10-07,151.60009765625,98,1,Low Volatility,0.7611153078253567,0.2381519157845782,0.0007327763901300897,0.5547630740000548
2020-10-08,60.599609375,62,1,Low Volatility,0.8715010793237765,0.1280781330366211,0.00042078763930168006,0.38635087670800605
2020-10-09,96.7001953125,23,1,Low Volatility,0.9454472124478955,0.054500319810468975,5.246774140584377e-05,0.21212538399217942
2020-10-12,101.2001953125,48,1,Low Volatility,0.9501129036969539,0.049832941507647464,5.415479569554652e-05,0.19860643923944166
2020-10-13,90.7998046875,10,1,Low Volatility,0.946926891210198,0.053022313985156236,5.079480435534136e-05,0.20787016351504825
2020-10-14,97.0,40,1,Low Volatility,0.8553022801277858,0.14417674901133726,0.0005209708610480233,0.41685178837337344
2020-10-15,214.30029296875,91,0,Normal Volatility,0.33351610429516,0.6653691588135512,0.0011147368910172468,0.6448815405858773
2020-10-16,140.60009765625,91,1,Low Volatility,0.7666740176349809,0.23282497627456952,0.0005010060902200976,0.5468424721775489
2020-10-19,63.10009765625,6,1,Low Volatility,0.9096324173685519,0.09027231811754334,9.526451348060495e-05,0.30413570218342145
2020-10-20,80.60009765625,61,1,Low Volatility,0.9260755677935684,0.07371208804836561,0.000212344158213769,0.2651287359867551
2020-10-21,128.19970703125,29,1,Low Volatility,0.9130376077393695,0.08681172319976607,0.00015066906061318106,0.29656150968824835
2020-10-22,171.400390625,85,1,Low Volatility,0.7976598726391306,0.20172496810901921,0.000615159251797679,0.5078090435908912
2020-10-23,95.2998046875,99,1,Low Volatility,0.865394325021014,0.13312656127158065,0.001479113707041694,0.4031921540158725
2020-10-26,95.2001953125,68,1,Low Volatility,0.76562689697234,0.23187876153789932,0.002494341489321669,0.5583191950073673
2020-10-27,230.89990234375,57,0,Normal Volatility,0.10861494969000204,0.88911485628873,0.0022701940213241756,0.359436689424454
2020-10-28,91.5,13,0,Normal Volatility,0.6095603648629148,0.3887232220803834,0.0017164130565711505,0.679972006245081
2020-10-29,209.0,62,0,Normal Volatility,0.30036284889285664,0.6941989425324637,0.0054382085744511255,0.6430024369331868
2020-10-30,117.89990234375,62,1,Low Volatility,0.7202534538280951,0.2649799920455499,0.014766554126123778,0.6505196637267573
2020-11-02,99.10009765625,59,1,Low Volatility,0.6667771482759905,0.29321757365441714,0.04000527806993893,0.7587422793054941
2020-11-03,370.0,61,0,Normal Volatility,5.7074279234967214e-09,0.8496241093269815,0.15037588496547155,0.42336065768092035
2020-11-04,197.19970703125,76,0,Normal Volatility,0.13092086173596787,0.745980754454641,0.12309838380975359,0.7426600703128498
2020-11-05,153.39990234375,68,1,Low Volatility,0.46766760622854464,0.3916677707872709,0.1406646229842857,0.9984489131933761
2020-11-06,72.19970703125,76,1,Low Volatility,0.5419079065422514,0.2440933974755847,0.2139986959820029,1.0061664948210818
2020-11-09,124.0,61,1,Low Volatility,0.39134689522756716,0.2785499916694402,0.33010311310332285,1.0890470404782069
2020-11-10,593.69970703125,34,2,High Volatility,4.992576944794807e-34,0.0004460818684052445,0.9995539181317523,0.0038875075696988854
2020-11-11,366.7001953125,26,2,High Volatility,1.699539293001538e-12,0.37078348846703835,0.6292165115310665,0.6593713501230367
2020-11-12,120.10009765625,89,0,Normal Volatility,0.21258221984384054,0.5219477032850554,0.2654700768709649,1.020612528633643
2020-11-13,182.89990234375,68,0,Normal Volatility,0.27942013634620383,0.6487067495005888,0.07187311415353966,0.8262465993720959
2020-11-16,120.2001953125,29,0,Normal Volatility,0.4979934825143944,0.4851607459192307,0.016845771566768725,0.7668822361223931
2020-11-17,281.5,16,0,Normal Volatility,0.0010249215251763141,0.9966675697285619,0.0023075087460952934,0.024391788751987383
2020-11-18,116.599609375,93,1,Low Volatility,0.714545034392801,0.28375809360264725,0.001696872004499158,0.6084206039019909
2020-11-19,131.2998046875,38,1,Low Volatility,0.830204844307055,0.1688223835884696,0.0009727721042121658,0.4615528801789929
2020-11-20,133.7998046875,54,1,Low Volatility,0.7008937404334882,0.2968519601177714,0.0022542994491144934,0.6233698424313004
2020-11-23,231.10009765625,54,0,Normal Volatility,0.02660659866093197,0.966523462908074,0.0068699384305673985,0.16361763946400515
2020-11-24,264.599609375,54,0,Normal Volatility,0.0003901121424597757,0.9889525120975212,0.010657375759632172,0.06244876311534443
2020-11-25,330.8994140625,0,0,Normal Volatility,5.40590036439072e-07,0.9962858594292252,0.0037135999807610866,0.024495425829078186
2020-11-26,112.2001953125,29,0,Normal Volatility,0.5182247763387263,0.47915000209863795,0.002625221562365523,0.7087842793030557
2020-11-27,208.69970703125,73,0,Normal Volatility,0.2209185471689151,0.7758665508434015,0.0032149019873308335,0.5489271759767645
2020-11-30,171.69970703125,48,1,Low Volatility,0.4888338429669903,0.5097832357460359,0.0013829212873391389,0.7024553599616685
2020-12-01,165.80029296875,58,1,Low Volatility,0.692783174781912,0.3067371175466272,0.00047970767137314795,0.6204349231224869
2020-12-02,122.2998046875,32,1,Low Volatility,0.8867256499427772,0.11311901181014909,0.00015533824702662705,0.35448608316445684
2020-12-03,159.39990234375,1,1,Low Volatility,0.876536320514314,0.12344323319664811,2.0446288854315484e-05,0.37396823955122743
2020-12-04,94.0,4,1,Low Volatility,0.9162416742041011,0.08369592964929673,6.23961464384428e-05,0.2883656516998863
2020-12-07,183.8994140625,57,1,Low Volatility,0.7193712840608891,0.28035414974220974,0.0002745661973036962,0.5957232000879099
2020-12-08,143.400390625,47,1,Low Volatility,0.8669093491216475,0.13295748498144144,0.0001331658971815033,0.39327286013222007
2020-12-09,76.599609375,19,1,Low Volatility,0.9312642548829421,0.0686383624318667,9.738268520287558e-05,0.2510924506160931
2020-12-10,104.5,51,1,Low Volatility,0.9097469355121754,0.08990587516404028,0.00034718932421117773,0.30539999910553134
2020-12-11,179.1005859375,71,1,Low Volatility,0.7321248850168893,0.2670997550071279,0.0007753599755790988,0.5864400846562274
2020-12-14,104.2998046875,77,1,Low Volatility,0.817264935077774,0.1811900554155057,0.0015450095065684954,0.4844283555173075
2020-12-15,186.5,49,1,Low Volatility,0.5886222214023964,0.4101534341139764,0.0012243444832322366,0.6857007509259512
2020-12-16,136.89990234375,53,1,Low Volatility,0.685218740306772,0.3128346329010834,0.001946626792477728,0.6347136659251988
2020-12-17,194.89990234375,72,0,Normal Volatility,0.3844194995659051,0.6126984452779413,0.002882055155833469,0.6845211153986265
2020-12-18,169.80029296875,42,0,Normal Volatility,0.47064086868433275,0.5270966008023722,0.0022625305129543916,0.7060224783107603
2020-12-21,154.19970703125,54,0,Normal Volatility,0.4450394901137504,0.5519783966563562,0.002982113230289741,0.7056530401315908
2020-12-22,261.10009765625,35,0,Normal Volatility,0.006881288750842684,0.9915168431877853,0.0016018680615772793,0.05301922025018464
2020-12-23,136.30029296875,20,1,Low Volatility,0.6497783314717149,0.3497429636041549,0.0004787049240401164,0.6512193026926855
2020-12-24,177.19970703125,4,1,Low Volatility,0.6782729428819669,0.32164889122685114,7.816589123949327e-05,0.6288931191706202
2020-12-29,150.599609375,18,1,Low Volatility,0.8443385090765072,0.15559944953569702,6.204138818804349e-05,0.4329527638224053
2020-12-30,114.30029296875,85,1,Low Volatility,0.9184696307664925,0.08136601373268543,0.00016435550049193577,0.2836755406115001
2020-12-31,115.30029296875,21,1,Low Volatility,0.9288663243221968,0.0710227015410284,0.00011097413659408397,0.2573897069490215
2021-01-04,144.2001953125,83,1,Low Volatility,0.822025152798301,0.17720787142452293,0.0007669757775592054,0.47325171100757846
2021-01-05,159.0,26,1,Low Volatility,0.5780985342200846,0.4208884324317741,0.0010130333483030641,0.6880205783597593
2021-01-06,270.599609375,19,0,Normal Volatility,0.0007194785910369215,0.994998438276511,0.0042820831327732714,0.0335474389748048
2021-01-07,379.8994140625,0,0,Normal Volatility,1.5219424450597303e-10,0.9870755041844524,0.012924495663748634,0.06904447673912241
2021-01-08,182.2001953125,0,0,Normal Volatility,0.10849008857144878,0.8891771288446592,0.0023327825836413256,0.35954692663033133
2021-01-11,257.6005859375,71,0,Normal Volatility,0.002022094545840109,0.9871525215137398,0.010825383940333225,0.07430309172394767
2021-01-12,171.5,17,0,Normal Volatility,0.15580004307797363,0.8358271823952553,0.008372774527168128,0.4795974060074322
2021-01-13,380.5,43,0,Normal Volatility,8.664738750873659e-10,0.9615451717496831,0.03845482738402447,0.1630020456729182
2021-01-14,118.099609375,27,0,Normal Volatility,0.5217064198477743,0.4677853792624136,0.010508200889432004,0.742717492857525
2021-01-15,181.0,65,0,Normal Volatility,0.2913016301377856,0.7026684990331494,0.006029870829463417,0.6380597883316798
2021-01-18,233.1005859375,3,0,Normal Volatility,0.05658673827213617,0.9431157300436531,0.000297531684215948,0.22016674882788806
2021-01-19,116.6005859375,3,1,Low Volatility,0.7692482491430032,0.23060793083710582,0.00014382002000952327,0.5413883400842106
2021-01-20,151.5,37,1,Low Volatility,0.7735192302035585,0.22606806776832442,0.00041270202845520844,0.5380044459982186
2021-01-21,154.5,12,1,Low Volatility,0.6371549597012952,0.3624345334069737,0.00041050689145863715,0.6582328756876773
2021-01-22,216.2001953125,11,0,Normal Volatility,0.13778284323350234,0.860411754917944,0.0018054018486682304,0.4138587332819536
2021-01-25,151.8994140625,69,0,Normal Volatility,0.30139517975468544,0.6820366993509869,0.01656812089465651,0.6904032494408743
2021-01-27,309.7001953125,42,0,Normal Volatility,6.618340438856234e-06,0.9565798780815384,0.04341350357761609,0.17872994742299636
2021-01-28,295.7001953125,96,0,Normal Volatility,1.7146634954729747e-05,0.9434504819880811,0.056532371376896644,0.21752195068083033
2021-01-29,290.2001953125,23,0,Normal Volatility,2.1323567828580087e-05,0.9677876450229537,0.032191031409029146,0.14252777800819807
2021-02-01,316.60009765625,44,0,Normal Volatility,2.3940455664800515e-06,0.9733439997852319,0.026653606168762608,0.12294332772533824
2021-02-02,163.0,8,0,Normal Volatility,0.21453804161486856,0.7820173517729856,0.0034446066122220615,0.5420468989852684
2021-02-03,234.7001953125,29,0,Normal Volatility,0.01331192287254809,0.9834442305199348,0.0032438466072013086,0.09250389221006118
2021-02-04,211.900390625,95,0,Normal Volatility,0.09479360561006561,0.9022299424416674,0.0029764519486604867,0.3334795891303163
2021-02-05,156.400390625,62,1,Low Volatility,0.6348501462847421,0.36449599761480794,0.0006538561000739542,0.661112825454892
2021-02-08,103.0,21,1,Low Volatility,0.8983382601036702,0.10153514352594496,0.00012659637027278764,0.3296921680290004
2021-02-09,151.80078125,38,1,Low Volatility,0.8964965575225078,0.10344766053781711,5.578193927155693e-05,0.3331889061041089
2021-02-10,107.400390625,24,1,Low Volatility,0.9438990782274819,0.05604902778400789,5.189398845112438e-05,0.21651585447885816
2021-02-11,110.900390625,58,1,Low Volatility,0.923520094006222,0.07619903272400323,0.00028087326960667407,0.27194192875341955
2021-02-12,140.7001953125,84,1,Low Volatility,0.8153832037588505,0.18380078800121685,0.0008160082400534127,0.48356070810084306
2021-02-15,170.8994140625,8,1,Low Volatility,0.5183970563912136,0.4811181606587734,0.0004847829503822378,0.6963002347553147
2021-02-16,220.099609375,48,0,Normal Volatility,0.08848258811654375,0.9085770413362321,0.00294037054690848,0.3188162364922056
2021-02-17,164.1005859375,28,0,Normal Volatility,0.24618319019100227,0.751219945575653,0.0025968642332483195,0.5754217692699316
2021-02-18,216.2001953125,0,0,Normal Volatility,0.035332851699970094,0.9601590344978711,0.004508113801904499,0.18150451053345418
2021-02-19,317.7998046875,45,0,Normal Volatility,1.9951501838207895e-06,0.9386663786853726,0.06133162616486359,0.2306439812821677
2021-02-22,168.599609375,55,0,Normal Volatility,0.14149269996161418,0.7697291296414632,0.08877817039676053,0.693127385740987
2021-02-23,409.2001953125,31,0,Normal Volatility,2.6649770896560282e-12,0.8167708257812591,0.18322917421651996,0.47625487666781163
2021-02-24,162.19921875,51,0,Normal Volatility,0.16495175681757665,0.7609728514388301,0.07407539174357887,0.6979193844657577
2021-02-25,234.599609375,58,0,Normal Volatility,0.009846576695452887,0.9536909238838913,0.03646249942037335,0.21146177442321032
2021-02-26,211.0,52,0,Normal Volatility,0.04534066259116379,0.9400035683187853,0.014655769089853691,0.26031334335532996
2021-03-01,176.5,42,0,Normal Volatility,0.21414596896203553,0.7796523511642462,0.006201679873384511,0.5556035861341451
2021-03-02,201.400390625,87,0,Normal Volatility,0.21063443655706904,0.785360924154481,0.0040046392881902485,0.539950120413624
2021-03-03,132.5,16,0,Normal Volatility,0.5658800139511816,0.43305300637301125,0.0010669796762312273,0.6919181389338779
2021-03-04,184.400390625,6,0,Normal Volatility,0.2752970818934841,0.7241019945564938,0.0006009235501889245,0.5933208040091801
2021-03-05,264.69921875,16,0,Normal Volatility,0.0026868479648422938,0.9960862354003898,0.0012269166345608231,0.028034917699050737
2021-03-08,162.8994140625,30,1,Low Volatility,0.4617193854300757,0.5370333960029626,0.0012472185666967783,0.6990267260875845
2021-03-09,94.2001953125,30,1,Low Volatility,0.6201211539431484,0.3769380636858283,0.002940782370940874,0.6812298175489724
2021-03-10,257.5,97,0,Normal Volatility,0.004181115273498477,0.9866307924722839,0.00918809225454791,0.0792708946793178
2021-03-11,211.5,37,0,Normal Volatility,0.04066225777700421,0.955331470859276,0.004006271363661806,0.1959889380552533
2021-03-12,202.2001953125,25,0,Normal Volatility,0.18280314730159436,0.8165544617572923,0.0006423909408403987,0.4808517514854164
2021-03-15,109.7001953125,53,1,Low Volatility,0.7921938336549941,0.20710783356543033,0.0006983327792426941,0.515710089764397
2021-03-16,111.2998046875,81,1,Low Volatility,0.8686605463876735,0.13058776704211858,0.0007516865697672034,0.39355569912195953
2021-03-17,172.5,9,1,Low Volatility,0.7531219936803103,0.24673607664890615,0.00014192967067994623,0.56008009101492
2021-03-18,107.900390625,13,1,Low Volatility,0.7525194165769684,0.24708909770899204,0.0003914857143873966,0.5624662393716148
2021-03-19,276.69970703125,6,0,Normal Volatility,0.0005947747784444518,0.9981288132281132,0.0012764119933867126,0.014792651718921322
2021-03-22,220.0,52,0,Normal Volatility,0.05002188061473429,0.9480095111726977,0.0019686082123134183,0.21271048242698234
2021-03-23,154.3994140625,18,1,Low Volatility,0.5958063805492724,0.403760375666137,0.0004332437847691763,0.678071120697698
2021-03-24,161.6005859375,65,1,Low Volatility,0.7428993981702567,0.25660996350185056,0.0004906383279641428,0.5735646477112769
2021-03-25,134.6005859375,58,1,Low Volatility,0.8698500096499924,0.12978515104160357,0.00036483930867505247,0.3891802152493018
2021-03-26,137.599609375,68,1,Low Volatility,0.8726676609560483,0.12693715010478046,0.0003951889390134953,0.38396081408405236
2021-03-29,162.0,4,1,Low Volatility,0.7909730251829729,0.2089328817690156,9.409304811040368e-05,0.5134837748447847
2021-03-30,184.0,13,1,Low Volatility,0.6790540655239954,0.3208620590463129,8.387543011421531e-05,0.6283562325353041
2021-03-31,151.099609375,4,1,Low Volatility,0.859654428470294,0.14032855903100763,1.7012498635806022e-05,0.4057607307364795
2021-04-01,82.30078125,0,1,Low Volatility,0.9498400234003831,0.050150286808626834,9.689790594240388e-06,0.19907857053139777
2021-04-06,122.2998046875,5,1,Low Volatility,0.9561821202100111,0.04381141473915223,6.465050664527505e-06,0.17995680122062654
2021-04-07,128.0,0,1,Low Volatility,0.9524157530310586,0.04757655902772767,7.687940878919056e-06,0.19141462285869137
2021-04-08,72.400390625,52,1,Low Volatility,0.937285735405349,0.06260998249276324,0.00010428210208126612,0.2351430286601649
2021-04-09,111.0,49,1,Low Volatility,0.9445894370836296,0.05531449095658384,9.607196001585476e-05,0.21485491879419427
2021-04-12,86.0,83,1,Low Volatility,0.9310149671737585,0.06873009323564232,0.000254939590927918,0.25268788165845263
2021-04-13,75.6005859375,97,1,Low Volatility,0.9151196762419397,0.08455820569150364,0.0003221180665274788,0.2926469447095727
2021-04-14,133.7998046875,33,1,Low Volatility,0.9173112861621456,0.08257133648678948,0.00011737735091697912,0.2861745162124448
2021-04-15,143.5,45,1,Low Volatility,0.8735208723883433,0.1262612537844113,0.00021787382745853205,0.38124265974136085
2021-04-16,177.19921875,19,1,Low Volatility,0.7637906418424021,0.23609713739064248,0.00011222076711165587,0.5476419091709964
2021-04-19,122.2001953125,49,1,Low Volatility,0.8728468992021705,0.12675484845043744,0.0003982523476948171,0.38363278838507076
2021-04-20,117.89990234375,38,1,Low Volatility,0.7864108297444038,0.2128207269386784,0.0007684433172131347,0.5237648195615298
2021-04-21,230.19970703125,66,0,Normal Volatility,0.12942691271776577,0.8689987552200698,0.0015743320623267344,0.3968111566794804
2021-04-22,143.10009765625,72,1,Low Volatility,0.6954043445321787,0.30368749201300677,0.0009081634551175005,0.6208961163104265
2021-04-23,70.60009765625,89,1,Low Volatility,0.8626994879001546,0.13680874233748322,0.0004917697622270716,0.40329319902474225
2021-04-26,86.2998046875,11,1,Low Volatility,0.9450196462601265,0.05493656373527817,4.379000445423599e-05,0.21328255104947236
2021-04-27,70.69970703125,29,1,Low Volatility,0.9438299868536931,0.05612316170110702,4.685144526613212e-05,0.21667542825698002
2021-04-28,123.900390625,35,1,Low Volatility,0.9490833433551459,0.05089662578953953,2.0030855479294324e-05,0.20138257107990268
2021-04-29,103.10009765625,1,1,Low Volatility,0.9639684219683498,0.03602621167104144,5.366360896636686e-06,0.1551730442337753
2021-04-30,95.39990234375,25,1,Low Volatility,0.9585561683404678,0.041420792319071864,2.3039340369907664e-05,0.17270159632042853
2021-05-03,97.39990234375,56,1,Low Volatility,0.9477017591502805,0.052220889927655514,7.735092249675881e-05,0.2058088037282046
2021-05-04,136.69970703125,43,1,Low Volatility,0.9319113702960556,0.06802572817498702,6.290152895653699e-05,0.2491688919955741
2021-05-05,103.5,77,1,Low Volatility,0.9386469750514643,0.061164135799645386,0.00018888914869641336,0.23195529120724565
2021-05-06,93.60009765625,75,1,Low Volatility,0.9315949449563291,0.06794776892811591,0.0004572861159633128,0.252239437012885
2021-05-07,80.2001953125,81,1,Low Volatility,0.895897575141133,0.10284821652258617,0.0012542083362070606,0.3407933432147631
2021-05-10,98.2998046875,78,1,Low Volatility,0.7831409183198134,0.21446431495277707,0.0023947667273003207,0.5360759853017838
2021-05-11,217.0,57,0,Normal Volatility,0.16326501083879533,0.8340509622547786,0.0026840269068301344,0.46313647695449855
2021-05-12,190.7001953125,24,0,Normal Volatility,0.34191221295742025,0.657543923601331,0.0005438634415180814,0.6466998940534585
2021-05-13,97.0,70,1,Low Volatility,0.8060019102072945,0.19309503367673822,0.000903056116323466,0.4977187778792002
2021-05-14,148.89990234375,74,1,Low Volatility,0.8542427644201734,0.14522060521022348,0.000536630369665265,0.4188215617378745
2021-05-17,112.5,56,1,Low Volatility,0.8837653739003495,0.11560225081496134,0.0006323752842731371,0.3632827822603876
2021-05-18,139.89990234375,32,1,Low Volatility,0.7169003326612462,0.2821981144163185,0.0009015529221276678,0.6019405946902692
2021-05-19,248.900390625,76,0,Normal Volatility,0.029008759451804814,0.9671406918960889,0.0038505486518476345,0.1564162822817227
2021-05-20,109.60009765625,70,1,Low Volatility,0.5791359661244888,0.41705118678051184,0.003812847095374332,0.702300258338041
2021-05-21,198.5,7,1,Low Volatility,0.4446764005999396,0.55510773783252,0.00021586156798050434,0.6889241362142698
2021-05-24,104.60009765625,97,1,Low Volatility,0.8389132082393786,0.16065987786610705,0.0004269138949361047,0.44442691945413254
2021-05-25,82.099609375,60,1,Low Volatility,0.9196358804182849,0.08012214573150947,0.0002419738505188848,0.28130416548740717
2021-05-26,96.60009765625,49,1,Low Volatility,0.9411525206872222,0.05869741077351159,0.00015006853932651352,0.2248305022556967
2021-05-27,88.10009765625,41,1,Low Volatility,0.9254416342389753,0.07429415700177983,0.0002642087589159814,0.267028098727005
2021-05-28,167.7001953125,79,1,Low Volatility,0.8095646273946272,0.18976501705778737,0.0006703555479474976,0.4913098309367161
2021-05-31,136.5,91,1,Low Volatility,0.8353242832484742,0.16310034994671987,0.0015753668046715038,0.4562350424597335
2021-06-01,125.39990234375,54,1,Low Volatility,0.7196088885695624,0.27651877186743523,0.0038723395633598638,0.6137504267391124
2021-06-02,336.80029296875,42,0,Normal Volatility,3.9390439498923697e-07,0.9831631505557116,0.016836455540086878,0.08546371580447791
2021-06-03,269.7001953125,34,0,Normal Volatility,0.0009995915645512328,0.9961309292444303,0.0028694791909061905,0.02756377284893139
2021-06-04,116.5,46,1,Low Volatility,0.7579543659220379,0.24129232690343844,0.0007533071744450966,0.5585269702061261
2021-06-07,144.599609375,50,1,Low Volatility,0.8700689390687752,0.12972594615607708,0.00020511477517847824,0.3877838220382561
2021-06-08,80.8994140625,65,1,Low Volatility,0.9250056820841163,0.07483506616118084,0.00015925175505046907,0.26750941425311525
2021-06-09,103.8994140625,27,1,Low Volatility,0.9499917412976331,0.04995661150218438,5.1647200002907236e-05,0.19894628110264354
2021-06-10,117.30078125,65,1,Low Volatility,0.9352439835598152,0.06458462492199366,0.00017139151800946503,0.24104638792082497
2021-06-11,141.2001953125,63,1,Low Volatility,0.896360730646333,0.10319552669903038,0.0004437426545617341,0.3358691746124195
2021-06-15,79.099609375,55,1,Low Volatility,0.8411780907329535,0.1571346995838096,0.0016872096829011645,0.4470572529512118
2021-06-16,173.3994140625,83,1,Low Volatility,0.5043132201152236,0.4920303771030485,0.0036564027813861936,0.7147038356004483
2021-06-17,203.599609375,70,0,Normal Volatility,0.1625831242537748,0.8319495260690657,0.005467349677488547,0.4768871585518151
2021-06-18,193.1005859375,41,0,Normal Volatility,0.16141023791114065,0.8349580639920189,0.0036316980966757395,0.4653885954688571
2021-06-21,172.89990234375,32,0,Normal Volatility,0.226094016305623,0.7712913713910957,0.002614612303357384,0.5520016606783144
2021-06-22,234.0,100,0,Normal Volatility,0.05376165052705436,0.9439737776645875,0.0022645718086881125,0.22537445422550853
2021-06-23,120.7001953125,65,1,Low Volatility,0.7558669726262537,0.2431900778615816,0.0009429495117467958,0.5619779241540284
2021-06-24,125.80029296875,64,1,Low Volatility,0.8869313463880821,0.11254501636067316,0.0005236372508467293,0.3562203380498327
2021-06-25,58.60009765625,60,1,Low Volatility,0.8878493523530934,0.11150450764184194,0.0006461400049390073,0.3549644445236688
2021-06-28,66.39990234375,51,1,Low Volatility,0.9039975353049857,0.09557565752853656,0.00042680716647456343,0.3189469957136101
2021-06-29,156.10009765625,18,1,Low Volatility,0.8900475641256987,0.10990799142842728,4.444444628628449e-05,0.3468075860407411
2021-06-30,111.0,25,1,Low Volatility,0.9350540581016435,0.06485462590813221,9.131598991243561e-05,0.24105587246285906
2021-07-01,87.5,49,1,Low Volatility,0.886372822155368,0.11296597790738266,0.0006611999376659349,0.35809448856273135
2021-07-02,168.30029296875,56,1,Low Volatility,0.6134286800946748,0.384775953067646,0.0017953668372926758,0.6786257564549687
2021-07-05,192.99951171875,98,0,Normal Volatility,0.30076843088698746,0.6952025750450225,0.0040289940684385414,0.6363067186463092
2021-07-06,192.6005859375,42,0,Normal Volatility,0.24142985533507555,0.7559978816267826,0.0025722630381426735,0.5699179506823765
2021-07-07,193.2998046875,60,0,Normal Volatility,0.34557538123458026,0.6532201808431589,0.0012044379222074554,0.6534530849246565
2021-07-08,101.099609375,91,1,Low Volatility,0.8146504770075678,0.18457300086877504,0.0007765221233266633,0.4844355046786689
2021-07-09,128.5,53,1,Low Volatility,0.9014410250383571,0.09829239516560018,0.00026657979564481677,0.32374756684159384
2021-07-12,148.2998046875,64,1,Low Volatility,0.8966111176421726,0.10323486459326765,0.00015401776495709577,0.33362236903196313
2021-07-13,105.0,78,1,Low Volatility,0.9326012845704388,0.06720715278859866,0.0001915626413040137,0.24817210748980434
2021-07-14,111.900390625,47,1,Low Volatility,0.9355396694665331,0.06416511124340585,0.0002952192898429582,0.24095247349358573
2021-07-15,66.99951171875,62,1,Low Volatility,0.8840821463301308,0.11435716390824877,0.0015606897611814261,0.3669851155990526
2021-07-16,72.2001953125,66,1,Low Volatility,0.7736694523978891,0.22275359652989327,0.0035769510722599247,0.5531882323999535
2021-07-19,200.5,86,0,Normal Volatility,0.31053955407735157,0.6851347734376448,0.004325672484991602,0.645780729472093
2021-07-20,182.5,41,0,Normal Volatility,0.3381464012869761,0.6587577571779715,0.0030958415347779157,0.6594960661729791
2021-07-21,162.5,84,0,Normal Volatility,0.40530288193337743,0.5902828642996268,0.004414253766873341,0.7011451597043858
2021-07-22,215.099609375,99,0,Normal Volatility,0.21138174142498473,0.7868083241774325,0.001809934397334488,0.5285884423709086
2021-07-23,110.099609375,73,1,Low Volatility,0.8013734978622653,0.19794777811761996,0.0006787240199385348,0.5030244600281636
2021-07-26,126.89990234375,50,1,Low Volatility,0.9123818213406403,0.08747412747741334,0.00014405118176183976,0.29805962847284456
2021-07-27,110.80029296875,50,1,Low Volatility,0.9423509050898499,0.05757466831422216,7.442659628201038e-05,0.22101880473759322
2021-07-28,113.89990234375,38,1,Low Volatility,0.943689529134229,0.056244757059909944,6.571380609196253e-05,0.21720204576933752
2021-07-29,46.7001953125,19,1,Low Volatility,0.9100329723304398,0.08985899819718496,0.00010802947249569797,0.3032959711076646
2021-07-30,93.900390625,35,1,Low Volatility,0.9305346472961739,0.06933837797612517,0.00012697472814269633,0.25318116270393337
2021-08-02,167.0,41,1,Low Volatility,0.851527703495337,0.14838813355144403,8.416295334766441e-05,0.420763244260677
2021-08-03,118.400390625,47,1,Low Volatility,0.9289948616326867,0.07092722467364602,7.791369369803448e-05,0.2568400475141275
2021-08-04,111.2998046875,62,1,Low Volatility,0.9409698057250346,0.05893609893475954,9.409534031187506e-05,0.22499082247773305
2021-08-05,128.7001953125,59,1,Low Volatility,0.9350286691005804,0.06488395026422267,8.73806352219114e-05,0.24109769100420828
2021-08-06,82.39990234375,64,1,Low Volatility,0.936762555037322,0.06310513786794124,0.00013230709443929714,0.23673251365401907
2021-08-09,64.5,8,1,Low Volatility,0.9391186256707423,0.06081549563702001,6.587869196685877e-05,0.22990151961595737
2021-08-10,66.7998046875,75,1,Low Volatility,0.9137823689419626,0.08583371533415328,0.0003839157237287703,0.296159994367725
2021-08-11,113.2001953125,61,1,Low Volatility,0.9229603482329699,0.07656557776898952,0.0004740739976402809,0.27436494159107827
2021-08-12,53.7998046875,46,1,Low Volatility,0.8584078770562441,0.14018509885146158,0.0014070240920063127,0.41573162070492753
2021-08-13,90.89990234375,43,1,Low Volatility,0.7620111583440229,0.23573444089401693,0.0022544007620941275,0.5614983061320831
2021-08-16,256.10009765625,51,0,Normal Volatility,0.007000705440807588,0.987240228519899,0.00575906603915368,0.07711311602279326
2021-08-17,176.19970703125,54,0,Normal Volatility,0.16050565505341832,0.8335528134780341,0.005941531468225251,0.4758434054369608
2021-08-18,204.900390625,53,0,Normal Volatility,0.09573506229647837,0.8996515829858371,0.004613354717835664,0.34456121182628524
2021-08-19,201.2001953125,35,0,Normal Volatility,0.20387153740186453,0.7950405493313941,0.0010879132669879869,0.5139853989451852
2021-08-20,120.60009765625,45,1,Low Volatility,0.7545708965049278,0.2445318195164529,0.0008972839790211521,0.5631882108134403
2021-08-23,106.60009765625,37,1,Low Volatility,0.7768033408656301,0.22226817745589034,0.000928481678606617,0.5369409173488379
2021-08-24,219.2001953125,35,0,Normal Volatility,0.2527326838723259,0.7468679276867247,0.00039938844097804133,0.5687258108369364
2021-08-25,122.900390625,34,1,Low Volatility,0.8218938540000287,0.17794694765537952,0.00015919834441571013,0.4697862596182388
2021-08-26,83.60009765625,43,1,Low Volatility,0.9243362965585383,0.07554925550039109,0.00011444794149721518,0.26890630162921536
2021-08-27,71.0,19,1,Low Volatility,0.9408624189693158,0.059083956669775936,5.3624360954959336e-05,0.22501719463939915
2021-08-30,135.60009765625,40,1,Low Volatility,0.9301574552886877,0.06978995240762423,5.259230358970669e-05,0.25366225476180865
2021-08-31,137.2998046875,52,1,Low Volatility,0.9274883760012156,0.07245784180543462,5.378219338884998e-05,0.2605291606759287
2021-09-01,120.19970703125,11,1,Low Volatility,0.9472763548240266,0.05269876073903953,2.4884436977950106e-05,0.20667352924311355
2021-09-02,86.89990234375,46,1,Low Volatility,0.9215898333138456,0.078148476764073,0.00026168992225223016,0.2766227234289317
2021-09-03,157.80029296875,54,1,Low Volatility,0.7934305169883413,0.20603526196637298,0.0005342210455398205,0.5130920754686414
2021-09-06,188.10009765625,65,1,Low Volatility,0.6360050513467556,0.3634824962395811,0.0005124524136515991,0.6595588598228972
2021-09-07,76.0,48,1,Low Volatility,0.8697829888180536,0.12977879179981183,0.00043821938243959144,0.38973183414146967
2021-09-08,87.19970703125,23,1,Low Volatility,0.9028872155051132,0.09688168746392198,0.00023109703061336372,0.32031922988153017
2021-09-09,183.7998046875,21,1,Low Volatility,0.7244931676861014,0.27540335818426537,0.00010347412986724736,0.5895790168428335
2021-09-10,127.2998046875,0,1,Low Volatility,0.8695090867077212,0.13039884935480586,9.206393766491021e-05,0.38807894831456746
2021-09-13,130.2998046875,34,1,Low Volatility,0.7368695223894908,0.2617395195118992,0.0013909580984503777,0.5849854883154777
2021-09-14,336.0,45,0,Normal Volatility,1.0187318641991057e-06,0.9879226400981994,0.012076341169963579,0.06535343409381178
2021-09-15,185.599609375,12,0,Normal Volatility,0.22529034341952892,0.7733563764897231,0.0013532800905875343,0.5434680527723407
2021-09-16,169.2998046875,13,0,Normal Volatility,0.4543170023547342,0.5449663854500794,0.0007166121956190956,0.694438530197436
2021-09-17,144.7001953125,27,0,Normal Volatility,0.5057222311395618,0.491709977072425,0.002567791787565162,0.7091495182279903
2021-09-20,272.60009765625,52,0,Normal Volatility,0.0005916525736792453,0.9847383760505011,0.014669971375890774,0.0814780042782865
2021-09-21,244.60009765625,79,0,Normal Volatility,0.0021429955317431373,0.9757423002168691,0.022114704251178518,0.12142143365590055
2021-09-22,241.5,88,0,Normal Volatility,0.0029636311069126515,0.9774030867475466,0.019633282145473968,0.11676114881569213
2021-09-23,226.89990234375,15,0,Normal Volatility,0.009499371463412617,0.9835988210890262,0.006901807447827803,0.09484324327540422
2021-09-24,201.19970703125,37,0,Normal Volatility,0.05012338957027776,0.9351557056776882,0.014720904752301544,0.2748275821659157
2021-09-27,196.50048828125,74,0,Normal Volatility,0.057680270000302215,0.8956480196111515,0.04667171038894946,0.4062908864289205
2021-09-28,355.6005859375,80,0,Normal Volatility,1.30778463012316e-08,0.8973087634910241,0.1026912234314078,0.33095652412396104
2021-09-29,205.0,43,0,Normal Volatility,0.06519651492283145,0.9012290367044905,0.033574448372531096,0.3856846779382256
2021-09-30,163.400390625,88,0,Normal Volatility,0.2754444217830915,0.7040817255155671,0.020473852701361143,0.6817990783133604
2021-10-01,195.7998046875,75,0,Normal Volatility,0.1767142269105796,0.8113160204723199,0.01196975261733143,0.5288997504849415
2021-10-04,171.7001953125,40,0,Normal Volatility,0.22543944088049783,0.7691269285407482,0.005433630579192253,0.5660704125545359
2021-10-05,239.0,50,0,Normal Volatility,0.027251686467362195,0.9696741753880709,0.003074138144618777,0.1458223502918194
2021-10-06,149.2998046875,53,1,Low Volatility,0.5917700138134759,0.4067660800124928,0.0014639061741927024,0.6859119719397822
2021-10-07,164.0,51,1,Low Volatility,0.7318935786328381,0.26749091150703475,0.000615509860366291,0.5857213989823956
2021-10-08,112.0,80,1,Low Volatility,0.8698044595095876,0.12942519189658996,0.0007703485934751142,0.39147816627428744
2021-10-11,86.7998046875,24,1,Low Volatility,0.8161365446201798,0.18319076335153736,0.0006726920285906241,0.48164725046187973
2021-10-12,223.2001953125,61,0,Normal Volatility,0.21376216868478265,0.7852433323991644,0.0009944989160122729,0.5265287285540619
2021-10-13,95.099609375,69,1,Low Volatility,0.7911931828179535,0.20797226152308196,0.0008345556591728039,0.5178130190581034
2021-10-14,141.2998046875,93,1,Low Volatility,0.8813226184130145,0.11842576102219123,0.0002516205648762589,0.3660818479179006
2021-10-15,95.2001953125,49,1,Low Volatility,0.9390869528795216,0.06082081426338689,9.223285737143143e-05,0.2301634686101036
2021-10-18,106.0,29,1,Low Volatility,0.9507516617961227,0.049205344724795305,4.299347918686081e-05,0.19664184810764887
2021-10-19,112.099609375,22,1,Low Volatility,0.9305460270409395,0.06935806454709623,9.590841186054036e-05,0.2529516506953645
2021-10-20,162.099609375,99,1,Low Volatility,0.7822409809485169,0.2170574258502279,0.0007015932008634725,0.528783015080795
2021-10-21,145.8994140625,23,1,Low Volatility,0.6657151830383149,0.33361723819978,0.0006675787616964388,0.6419882927281937
2021-10-22,213.6005859375,33,0,Normal Volatility,0.08279566654376767,0.915376481667653,0.0018278517882162702,0.29873677542619564
2021-10-25,245.400390625,0,0,Normal Volatility,0.012153263415984054,0.9875387951543554,0.00030794143011418277,0.06847093745767227
2021-10-26,118.7001953125,29,1,Low Volatility,0.7201437178239662,0.27914983303781044,0.0007064491378927475,0.5977489104904187
2021-10-27,116.8994140625,56,1,Low Volatility,0.7424784383778442,0.2557180398571359,0.0018035217650143461,0.5811936684249622
2021-10-28,205.2998046875,58,0,Normal Volatility,0.25522074817726564,0.7419431487565,0.002836103066675121,0.5866280261878151
2021-10-29,181.1005859375,49,0,Normal Volatility,0.34139632198588143,0.6563895639976617,0.002214114016358573,0.6567776731706638
2021-11-01,164.7001953125,2,0,Normal Volatility,0.4460558686931166,0.5533377561765928,0.0006063751302204447,0.6920557951000804
2021-11-02,203.7001953125,81,0,Normal Volatility,0.266013206876267,0.7307307036364443,0.0032560894874692258,0.6001432710079133
2021-11-03,95.2001953125,50,0,Normal Volatility,0.5686404196985356,0.4276339753342839,0.003725604967434585,0.7051068173941372
2021-11-04,217.6005859375,3,0,Normal Volatility,0.16589870196640844,0.8334325389249004,0.0006687591086247133,0.45475895635618574
2021-11-05,107.099609375,54,0,Normal Volatility,0.5276061683167572,0.4690051953045754,0.003388636378976884,0.7117296613708838
2021-11-08,220.7998046875,53,0,Normal Volatility,0.1554793150738868,0.8420335267099606,0.0024871582157828896,0.4490746615682567
2021-11-09,125.7998046875,75,1,Low Volatility,0.6605335092928827,0.33656552468590306,0.0029009660208602376,0.6573848668172889
2021-11-10,159.7998046875,64,1,Low Volatility,0.6334751510793158,0.3642651352474304,0.002259713673183146,0.6708322367507792
2021-11-11,198.19970703125,100,1,Low Volatility,0.46522248133980215,0.5335912967737434,0.001186221886284396,0.6991602738267544
2021-11-12,130.5,100,1,Low Volatility,0.8206726503946541,0.17879150121363674,0.0005358483912820312,0.4740219772156774
2021-11-15,103.30029296875,83,1,Low Volatility,0.9168434325756338,0.08283959095308675,0.0003169764714497548,0.2884937327716729
2021-11-16,87.80029296875,62,1,Low Volatility,0.9343699750222562,0.06534485807668161,0.0002851669011705353,0.24402108033822864
2021-11-17,110.30029296875,66,1,Low Volatility,0.9270815943874388,0.07242210475151381,0.0004963008606069766,0.26409447031143407
2021-11-18,142.099609375,90,1,Low Volatility,0.8591029098673725,0.13922824067507997,0.0016688494572383004,0.41565039606873366
2021-11-19,77.10009765625,100,1,Low Volatility,0.7221654443354377,0.27130583550850323,0.006528720155656583,0.6218359151875412
2021-11-22,199.19970703125,95,0,Normal Volatility,0.18680495024860128,0.8010233401147905,0.01217170963664002,0.5447807396979826
2021-11-23,245.599609375,99,0,Normal Volatility,0.012406267768663373,0.9663949723055131,0.021198759925784492,0.1691879689479347
2021-11-24,169.19970703125,96,0,Normal Volatility,0.3578399229293527,0.613657044496992,0.028503032574004234,0.7688081379815518
2021-11-25,105.599609375,57,0,Normal Volatility,0.5221585777309727,0.4291529283612725,0.04868849390817229,0.8494805720049536
2021-11-26,392.69970703125,44,0,Normal Volatility,5.909277598791094e-11,0.8870727811046589,0.1129272188364886,0.3525919686723749
2021-11-29,354.599609375,0,0,Normal Volatility,2.3513867010918194e-08,0.9869155246435857,0.013084451842652006,0.06973742021196283
2021-11-30,101.2001953125,36,1,Low Volatility,0.7890678683725184,0.20959238416608567,0.0013397474612722741,0.5233023998568566
2021-12-01,100.2998046875,30,1,Low Volatility,0.9196586806312693,0.08009217587708968,0.00024914349190467905,0.28129001387922564
2021-12-02,138.69970703125,42,1,Low Volatility,0.8995298695268517,0.10029695232480784,0.00017317814850797885,0.3273897418696137
2021-12-03,165.10009765625,45,1,Low Volatility,0.8307221355094766,0.16908791146183322,0.00018995302868766444,0.45621943143819244
2021-12-06,101.69970703125,22,1,Low Volatility,0.8752790269230764,0.12446206490537998,0.00025890817169919904,0.3780848522517945
2021-12-07,186.2998046875,45,1,Low Volatility,0.5960749658599989,0.40327557032677985,0.0006494638128725115,0.6793979069325682
2021-12-08,177.10009765625,49,1,Low Volatility,0.6444862014089185,0.3550571445531325,0.0004566540381371612,0.6542897250501287
2021-12-09,128.19970703125,55,1,Low Volatility,0.8541283408107597,0.14552064888473848,0.00035101030458111246,0.4179477779798121
2021-12-10,157.89990234375,16,1,Low Volatility,0.8533364862773899,0.14658664635370308,7.686736894208072e-05,0.41753517914502597
2021-12-13,152.89990234375,75,1,Low Volatility,0.8728018596391838,0.12705637603443173,0.00014176432622577817,0.38213115504480183
2021-12-14,101.69970703125,43,1,Low Volatility,0.9373386728057478,0.0625717351849046,8.959200936025373e-05,0.23490469545419898
2021-12-15,78.7998046875,38,1,Low Volatility,0.936281129439983,0.06360250502109588,0.00011636553896700982,0.23792982211568398
2021-12-16,123.5,2,1,Low Volatility,0.9006072820089055,0.09931380325297774,7.891473786843002e-05,0.32438879948140825
2021-12-17,156.39990234375,68,1,Low Volatility,0.6081310218240268,0.39030110857706346,0.001567869598574129,0.679798032204233
2021-12-20,309.69970703125,22,0,Normal Volatility,5.207548323153526e-05,0.9987240289580801,0.0012238955583567664,0.009995864119013155
2021-12-21,131.19970703125,37,1,Low Volatility,0.7562073841673659,0.24356794147449132,0.00022467435814898257,0.557207224343176
2021-12-22,102.69970703125,30,1,Low Volatility,0.9249243644241358,0.07501069117732873,6.494439875550901e-05,0.26709739268434585
2021-12-23,79.0,25,1,Low Volatility,0.9452932917289816,0.05465412037760284,5.2587893566711906e-05,0.21256519436842652
2021-12-24,73.5,50,1,Low Volatility,0.9361699826208761,0.06372640020890272,0.00010361716996069342,0.23814751109358995
2021-12-29,137.2998046875,10,1,Low Volatility,0.9375285199038688,0.06245621372474821,1.5266371557248957e-05,0.23385665049608004
2021-12-30,97.0,2,1,Low Volatility,0.9403227678510944,0.05963873318245065,3.8498966788895695e-05,0.22639979305517746
2021-12-31,73.39990234375,17,1,Low Volatility,0.7959295204475574,0.20349440357165266,0.0005760759803375084,0.5099506066989873
2022-01-04,293.60009765625,14,0,Normal Volatility,0.00022031732912303906,0.9968500284202051,0.0029296542506679784,0.022088469341830543
2022-01-05,135.6005859375,77,0,Normal Volatility,0.31997282502943486,0.6711932769726409,0.008833897997995839,0.6739955991089249
2022-01-06,260.10009765625,86,0,Normal Volatility,0.004227916996863888,0.9848421350760553,0.010929947927480496,0.08751475129400976
2022-01-07,179.599609375,67,0,Normal Volatility,0.29895930613142685,0.6964925874692661,0.0045481063996957805,0.637425965525806
2022-01-10,163.7001953125,40,1,Low Volatility,0.575038844749741,0.42366933736449564,0.0012918178861988634,0.6906200244680619
2022-01-11,112.7998046875,6,1,Low Volatility,0.6923996522120056,0.3071596758022303,0.0004406719856187239,0.6204931658990239
2022-01-12,249.099609375,20,0,Normal Volatility,0.03041026381718919,0.9691877976415204,0.0004019385414494879,0.13969769121491804
2022-01-13,119.5,45,1,Low Volatility,0.7718526043715224,0.22776992935866172,0.00037746626964302646,0.5398226589238913
2022-01-14,108.2998046875,52,1,Low Volatility,0.8973011763219703,0.10233476848999314,0.00036405518844989237,0.33339024932535655
2022-01-17,158.400390625,100,1,Low Volatility,0.8518223519255407,0.14775683363713288,0.00042081443702492817,0.4224228288710549
2022-01-18,84.1005859375,98,1,Low Volatility,0.882663508339575,0.11663271933148425,0.0007037723290739096,0.3658867298724203
2022-01-19,155.1005859375,5,1,Low Volatility,0.8192951684914233,0.18048546800043486,0.00021936350834799335,0.4741525878994712
2022-01-20,146.19921875,7,1,Low Volatility,0.6648635158682161,0.33218289134371426,0.0029535927877247267,0.6546722176109635
2022-01-21,300.5,90,0,Normal Volatility,0.00012320599017862126,0.9061219265981754,0.09375486741166637,0.3123603233926245
2022-01-24,114.2001953125,70,0,Normal Volatility,0.3080795909269786,0.5360596178319766,0.15586079124085783,0.9866832964118686
2022-01-25,411.0,33,0,Normal Volatility,1.34290872312419e-12,0.7148295640129279,0.28517043598543507,0.5977705392322951
2022-01-27,352.2998046875,13,0,Normal Volatility,1.0502207079010752e-08,0.8554274380765554,0.14457255142101327,0.4131781437386712
2022-01-28,185.5,36,0,Normal Volatility,0.15288998643512752,0.8204042906662535,0.026705722898970555,0.54629017046823
2022-01-31,186.2998046875,19,0,Normal Volatility,0.29447861303602774,0.7015173503956383,0.004004036568478299,0.6308132650815181
2022-02-01,90.2001953125,47,0,Normal Volatility,0.5310299804083015,0.4642997353874247,0.004670284204093952,0.7173940043518677
2022-02-02,253.3994140625,57,0,Normal Volatility,0.018553687361164254,0.9795893256218773,0.0018569870167728679,0.10585432535660887
2022-02-03,123.7998046875,22,1,Low Volatility,0.7642477616938861,0.23541029720470166,0.00034194110149308717,0.5487105424535778
2022-02-04,105.30078125,37,1,Low Volatility,0.8617230153726785,0.13786525096003177,0.0004117336670695503,0.4046293666109384
2022-02-07,188.2998046875,20,1,Low Volatility,0.6602991331413745,0.33951480941546736,0.00018605744302727475,0.6424201193928215
2022-02-08,92.7001953125,51,1,Low Volatility,0.8462947169841857,0.15303085737190658,0.0006744256441596728,0.4334171504685593
2022-02-09,174.2001953125,48,1,Low Volatility,0.7410872474457788,0.2584642118201512,0.0004485407342645603,0.5752167004291793
2022-02-10,143.6005859375,42,1,Low Volatility,0.8109136864291987,0.18863580903670127,0.00045050453429285156,0.4880662249279324
2022-02-11,135.8994140625,11,1,Low Volatility,0.714283671187279,0.28530528164755825,0.0004110471651860206,0.6013721238688055
2022-02-14,316.5,1,0,Normal Volatility,4.5957937091181256e-06,0.9968241845868064,0.0031712196193516883,0.021473304130877537
2022-02-15,266.099609375,79,0,Normal Volatility,0.0011712639806648292,0.9896361640923724,0.00919257192656852,0.06132286699124062
2022-02-16,141.599609375,92,1,Low Volatility,0.4661779977009881,0.5272415330869281,0.006580469211743689,0.7263247752003827
2022-02-17,194.7998046875,80,1,Low Volatility,0.40890350599719133,0.5885249887207591,0.0025715052822570103,0.693005407397016
2022-02-18,137.0,62,1,Low Volatility,0.7652796637131383,0.23341135069796948,0.0013089855890564474,0.5530152095884868
2022-02-21,134.2998046875,67,1,Low Volatility,0.811629391464022,0.18735258646566583,0.0010180220705099312,0.4901815871250317
2022-02-22,181.0,0,1,Low Volatility,0.6382720067128568,0.36157492269344643,0.00015307059397947313,0.6557479968350264
2022-02-23,136.900390625,0,1,Low Volatility,0.6486577492596421,0.3508190876164041,0.0005231631241651662,0.6522019555754327
2022-02-24,350.1005859375,1,0,Normal Volatility,5.576736994395685e-08,0.9881724780819525,0.01182746615083381,0.06424061079325423
2022-02-25,198.80078125,31,0,Normal Volatility,0.053592939937782504,0.917224424717292,0.029182635344872563,0.3392188136173634
2022-02-28,198.2998046875,68,0,Normal Volatility,0.05892048521777517,0.8208900094937214,0.12018950528858353,0.5834969406003907
2022-03-01,182.5,46,0,Normal Volatility,0.056481255241900216,0.6335213332194547,0.30999741153870336,0.8145629009947373
2022-03-02,463.1005859375,23,2,High Volatility,3.935438319003335e-19,0.01535556222121141,0.9846444377784441,0.0793661466148543
2022-03-03,378.2001953125,60,2,High Volatility,6.404543729533138e-13,0.0065603792858581755,0.9934396207132361,0.03951591635877951
2022-03-04,234.30078125,81,2,High Volatility,1.1792043094725952e-05,0.018373576906838354,0.9816146310501304,0.09178540783223421
2022-03-07,604.7001953125,69,2,High Volatility,1.9094572054508206e-38,1.4159162405454548e-06,0.9999985840841893,2.0485097700975177e-05
2022-03-08,361.7001953125,30,2,High Volatility,3.2471330647357322e-15,0.16222463415483865,0.8377753658453245,0.44334048734897746
2022-03-09,205.7998046875,18,2,High Volatility,0.004808298737613777,0.5181244850566601,0.47706721620612547,0.7194277509583327
2022-03-10,418.099609375,28,2,High Volatility,2.637593064421377e-13,0.522465432226976,0.47753456777234704,0.6921374493777659
2022-03-11,151.5,9,0,Normal Volatility,0.21590256396762356,0.6749667259531629,0.10913071007879112,0.8380343664821692
2022-03-14,171.80078125,63,0,Normal Volatility,0.20542128993371098,0.6974891590271913,0.09708955103903438,0.8028265716918861
2022-03-15,380.2001953125,34,0,Normal Volatility,3.736493624992864e-10,0.875976304019084,0.12402369560701129,0.3748660019525042
2022-03-16,204.400390625,89,0,Normal Volatility,0.09953630011736916,0.8655747940009614,0.034888905881661145,0.4716818293306223
2022-03-17,107.1005859375,6,0,Normal Volatility,0.4978821672652597,0.49668904230207234,0.005428790432631081,0.7231143241492058
2022-03-18,268.099609375,17,0,Normal Volatility,0.0015356454838804756,0.9940837344942577,0.004380620022058012,0.03963711842582848
2022-03-21,168.7998046875,50,0,Normal Volatility,0.1607964319524688,0.8287488662262632,0.01045470182093848,0.49722556159710385
2022-03-22,295.7998046875,79,0,Normal Volatility,8.966579767910074e-05,0.9760999488417316,0.023810385360698752,0.11344226774221967
2022-03-23,90.400390625,94,0,Normal Volatility,0.3634982381403699,0.6179671916871946,0.018534570172141968,0.7392112080657413
2022-03-24,235.7998046875,16,0,Normal Volatility,0.04086646058845902,0.9572531815314763,0.0018803578796695703,0.18428983050775719
2022-03-25,164.8994140625,9,1,Low Volatility,0.5390910937537309,0.46063139413601684,0.00027751211055409956,0.6924230383304372
2022-03-28,86.8994140625,22,1,Low Volatility,0.7789795230986529,0.22037524003663475,0.0006452368648387974,0.5326066639139462
2022-03-29,185.0,30,1,Low Volatility,0.5213593131456286,0.47763710332573767,0.00100358352821636,0.6994264670089383
2022-03-30,147.0,60,1,Low Volatility,0.5023028179005951,0.4943680306079943,0.0033291514915061516,0.7131245415354639
2022-03-31,280.2998046875,40,0,Normal Volatility,0.0006307590454913947,0.9947236002878657,0.004645640666651062,0.03486583091069549
2022-04-01,185.400390625,11,0,Normal Volatility,0.2644865028403672,0.7348022580591966,0.0007112391000050381,0.5833453717768797
2022-04-04,103.099609375,11,0,Normal Volatility,0.5724759749429174,0.42658937463692764,0.0009346504199022893,0.6892634614661899
2022-04-05,272.900390625,62,0,Normal Volatility,0.0030268284959107496,0.9942212232500629,0.002751948253743412,0.03954234157315378
2022-04-06,142.5,55,1,Low Volatility,0.6659450077387058,0.33317519107392146,0.0008798011873365002,0.6431173147217972
2022-04-07,136.2001953125,13,1,Low Volatility,0.8409381934844795,0.1588950830500939,0.00016672346571984037,0.43942133851746507
2022-04-08,156.2001953125,12,1,Low Volatility,0.7755431635417149,0.22423656747382728,0.00022026898451705368,0.5342371035791557
2022-04-11,182.2001953125,93,1,Low Volatility,0.5850171900215749,0.41330890429279493,0.0016739056857487686,0.6895197568009912
2022-04-12,163.2001953125,98,1,Low Volatility,0.6174247401889973,0.38055536218956115,0.0020198976212307887,0.6779174318185427
2022-04-13,185.2001953125,35,1,Low Volatility,0.5573441840863397,0.4418602152820072,0.0007956006312361269,0.6923802107628217
2022-04-14,147.0,100,1,Low Volatility,0.7639305954957005,0.2347522839675755,0.0013171205364717051,0.554654254239134
2022-04-19,155.2998046875,38,1,Low Volatility,0.8051727917225739,0.19279685019662252,0.002030358080372597,0.5044333397907276
2022-04-20,129.7998046875,62,1,Low Volatility,0.8043573858503343,0.18474376167534307,0.010898852474459422,0.5363634957790913
2022-04-21,150.2001953125,58,1,Low Volatility,0.5545805995672908,0.3888596504150303,0.05655975001748979,0.8567069176172392
2022-04-22,265.2001953125,49,0,Normal Volatility,0.0005970035770319546,0.6631871361153444,0.33621586030718026,0.6432775076011787
2022-04-26,503.69921875,84,2,High Volatility,9.140594691962871e-22,0.0409533159101316,0.9590466840901729,0.1709620925654142
2022-04-27,131.2001953125,96,0,Normal Volatility,0.016162806437983724,0.5449293660930744,0.43890782746909185,0.7589239967598391
2022-04-28,213.900390625,60,0,Normal Volatility,0.03801013494155664,0.8379754728637516,0.12401439219489992,0.531277771472342
2022-04-29,149.5,94,1,Low Volatility,0.40295067522763567,0.5542899637371675,0.04275936103549364,0.8281114884001266
2022-05-02,191.2001953125,16,1,Low Volatility,0.4060691755743785,0.5900053915415707,0.003925432883702756,0.6990111970047451
2022-05-03,85.599609375,18,1,Low Volatility,0.7322577809023069,0.2635520396547941,0.004190179443319944,0.6025772185457415
2022-05-04,167.6005859375,57,1,Low Volatility,0.4814285658073142,0.5010690816829922,0.01750235250984744,0.7689718017044676
2022-05-05,202.099609375,60,0,Normal Volatility,0.10335224055894349,0.8199382895696689,0.07670946987155139,0.5943179648489901
2022-05-06,304.099609375,44,0,Normal Volatility,1.2517701460357662e-05,0.7533111612446658,0.24667632105344123,0.5588044403644545
2022-05-09,134.599609375,74,0,Normal Volatility,0.14716126331620408,0.426123227430538,0.42671550925297336,1.0088958048241647
2022-05-10,458.6005859375,35,2,High Volatility,8.825874104481782e-17,0.1681768837521752,0.8318231162480089,0.45298361852533153
2022-05-11,122.900390625,44,2,High Volatility,0.06172039444062849,0.23774903157774036,0.7005305739812538,0.7627668315004632
2022-05-12,356.30078125,86,2,High Volatility,4.319299986830026e-09,0.312355589927249,0.6876444057534425,0.620972550725085
2022-05-13,267.0,92,0,Normal Volatility,0.000130244278555101,0.583692385882458,0.4161773698390166,0.6802534545611536
2022-05-16,198.7001953125,59,0,Normal Volatility,0.03098899977323385,0.8077738848268139,0.16123711539968213,0.5743358589485553
2022-05-17,222.099609375,73,0,Normal Volatility,0.03349905491783518,0.9113350505346017,0.05516589454725001,0.358221598363055
2022-05-18,133.7998046875,33,0,Normal Volatility,0.38510304765022885,0.5994456504446838,0.01545130190506002,0.7386815763063459
2022-05-19,210.2998046875,36,0,Normal Volatility,0.0770873369909917,0.9170205098756287,0.0058921531337270796,0.3072490884628504
2022-05-20,223.7998046875,50,0,Normal Volatility,0.052728514429544134,0.9445115968673514,0.0027598887031537425,0.22534132179513944
2022-05-23,153.2998046875,30,1,Low Volatility,0.6171904866895489,0.38151118746393514,0.0012983258464189789,0.6741017851738969
2022-05-24,76.7001953125,92,1,Low Volatility,0.7979888333804018,0.1982252677678345,0.0037858988521993404,0.5219847532202994
2022-05-25,83.2001953125,90,1,Low Volatility,0.7657534332736926,0.22900298066785438,0.00524358605885111,0.569463591323562
2022-05-26,177.2001953125,49,0,Normal Volatility,0.3881153628502894,0.6067285096627995,0.0051561274869685435,0.6976594485842417
2022-05-27,259.5,66,0,Normal Volatility,0.005330664902603544,0.9838749162478073,0.010794418849970728,0.09278152491684792
2022-05-30,176.599609375,76,0,Normal Volatility,0.37238863023263724,0.6151913791328835,0.012419990634398078,0.7212298294733868
2022-05-31,100.900390625,50,1,Low Volatility,0.7184237868461694,0.25962779233007705,0.021948420824172418,0.6715116587472518
2022-06-01,140.900390625,92,1,Low Volatility,0.5701649176942877,0.37460083597095245,0.05523424633514391,0.8481218387308719
2022-06-02,319.0,100,0,Normal Volatility,1.247554410977996e-05,0.8089222073340051,0.19106531712219613,0.48791470422532174
2022-06-03,100.400390625,76,0,Normal Volatility,0.27187785011056725,0.4747771759781846,0.2533449739112593,1.0556039372772048
2022-06-06,259.5,68,0,Normal Volatility,0.0017644133304841728,0.6361726552396,0.36206293143004653,0.6667510129150334
2022-06-07,151.2998046875,67,0,Normal Volatility,0.0819949454867528,0.38350398245386474,0.5345010720597391,0.9074525929052287
2022-06-08,439.2001953125,65,2,High Volatility,4.3251453792522445e-16,0.02757498844737878,0.9724250115529135,0.1262087955094966
2022-06-09,166.7001953125,92,2,High Volatility,0.0027421269243089776,0.04294503046409158,0.9543128426116608,0.1959869391130788
2022-06-10,325.400390625,60,2,High Volatility,5.549878660291994e-09,0.019697854115169736,0.9803021403349111,0.09686098627504691
2022-06-14,605.5,42,2,High Volatility,7.328481264409772e-39,1.227935679298366e-06,0.9999987720646722,1.7940355418426794e-05
2022-06-15,273.900390625,69,2,High Volatility,1.7547982660085054e-10,0.07628021908429937,0.9237197807401305,0.26958901788153933
2022-06-16,209.3994140625,67,2,High Volatility,0.001515787274171717,0.12782403362849368,0.8706601790970913,0.3933766344205262
2022-06-17,290.900390625,21,2,High Volatility,1.3243119753326962e-06,0.11863089960989726,0.8813677760778144,0.36420733100072167
2022-06-20,552.400390625,78,2,High Volatility,1.4292610445475702e-30,3.878268499578345e-05,0.9999612173150192,0.0004327184780811098
2022-06-21,315.1005859375,78,2,High Volatility,5.189498258710778e-11,0.041286259354583625,0.9587137405937391,0.17201062575052795
2022-06-22,290.599609375,98,2,High Volatility,1.170910210299047e-06,0.11452954526783019,0.8854692838215202,0.355898914172311
2022-06-23,279.2001953125,86,2,High Volatility,1.0361160543430813e-05,0.20536030833071875,0.7946293305090913,0.5078710905254978
2022-06-24,235.2001953125,80,2,High Volatility,0.000848040341620538,0.3013368708781609,0.6978150887799277,0.6185340429144772
2022-06-27,280.0,33,2,High Volatility,1.837140901805603e-05,0.3457801575215901,0.6542014710693806,0.6450060922821543
2022-06-28,378.5,12,2,High Volatility,3.54448656771114e-11,0.30797812670119346,0.6920218732630224,0.617473358122274
2022-06-29,278.7998046875,83,2,High Volatility,2.6358858026833863e-05,0.3214942718357307,0.6784793693066588,0.6282847259264668
2022-06-30,242.2998046875,31,2,High Volatility,0.0005597714041866647,0.33974560552685884,0.6596946230685733,0.645385309619948
2022-07-01,343.19921875,62,2,High Volatility,7.126212916025206e-09,0.20577130258047296,0.7942286902936154,0.5082999389956019
2022-07-04,288.0,31,2,High Volatility,3.7934358376564957e-06,0.18875097586706122,0.8112452306968745,0.4844571404890671
2022-07-05,342.0,27,2,High Volatility,1.871576911124327e-09,0.09006899261019762,0.9099310055182402,0.30269745706431495
2022-07-06,557.599609375,21,2,High Volatility,1.3093991586567954e-29,0.0012011787598780028,0.9987988212398414,0.009277725855351816
2022-07-07,105.7001953125,59,0,Normal Volatility,0.0004788284964822949,0.4200606702431615,0.5794605012605113,0.6841895706655126
2022-07-08,313.900390625,36,0,Normal Volatility,1.309945138249877e-06,0.6781041698505992,0.32189452020448145,0.6283077997911353
2022-07-11,187.0,86,0,Normal Volatility,0.13262608500478046,0.7388950458601964,0.12847886913493048,0.7551607200564787
2022-07-12,139.099609375,59,0,Normal Volatility,0.3411549604154116,0.6016080287859038,0.057237010799025975,0.8363205539118665
2022-07-13,229.2001953125,33,0,Normal Volatility,0.02669051521593259,0.9495223165464673,0.023787168237945095,0.23482427975822076
2022-07-14,195.2998046875,19,0,Normal Volatility,0.10988049374471322,0.866618760717255,0.023500745537661176,0.4548624689437517
2022-07-15,158.7001953125,63,0,Normal Volatility,0.22855806603495846,0.6758338666772923,0.09560806728813405,0.8265805665944342
2022-07-18,227.2998046875,74,0,Normal Volatility,0.01099530919577722,0.7027821017904751,0.2862225890135682,0.6555294437225103
2022-07-19,412.5,94,0,Normal Volatility,8.102985950767654e-13,0.3610937123090945,0.6389062876901841,0.6540448828728906
2022-07-20,159.1005859375,48,0,Normal Volatility,0.07465918247582282,0.43446841939909703,0.49087239812531447,0.9052046527184949
2022-07-21,392.599609375,28,0,Normal Volatility,1.5054971735349395e-11,0.5218192037168793,0.4781807962676339,0.6921947231786483
2022-07-22,221.2001953125,99,0,Normal Volatility,0.02017388271119942,0.783434372188136,0.19639174510105922,0.589613132812913
2022-07-25,118.7001953125,57,0,Normal Volatility,0.3185816282158099,0.5906539756441137,0.09076439613983918,0.8932001877442678
2022-07-26,283.900390625,49,0,Normal Volatility,0.0005454623747752355,0.9658585747723951,0.033595962852489905,0.15165323492511681
2022-07-27,136.7998046875,77,1,Low Volatility,0.5675486795744725,0.41848115148875153,0.013970168936439912,0.7456888577119377
2022-07-28,162.7001953125,64,1,Low Volatility,0.6146583494284082,0.37937525366775443,0.00596639690408386,0.6974065081857991
2022-07-29,155.8994140625,55,1,Low Volatility,0.5642321697051116,0.4323810567938911,0.003386773500862814,0.7046967127854541
2022-08-01,211.2998046875,29,0,Normal Volatility,0.23147828260935394,0.7671333350152298,0.0013883823752558581,0.5512130145326061
2022-08-02,151.400390625,81,1,Low Volatility,0.592360846968243,0.40529853542358873,0.0023406176079641804,0.690399148695892
2022-08-03,128.0,31,1,Low Volatility,0.6407737049866841,0.35730680928463726,0.0019194857283703502,0.664928629722263
2022-08-04,224.400390625,47,0,Normal Volatility,0.0430247402917086,0.9519707462325517,0.005004513475454737,0.20872288324021435
2022-08-05,215.2998046875,73,0,Normal Volatility,0.023102249555498396,0.9693079572951925,0.007589793149704462,0.15430679594769922
2022-08-08,235.7998046875,23,0,Normal Volatility,0.020385687887495084,0.9780920567904647,0.0015222553216601544,0.11090181540041054
2022-08-09,71.2001953125,44,1,Low Volatility,0.7124568576274806,0.2852471896626307,0.002295952710034358,0.6133138990670914
2022-08-10,125.7998046875,97,1,Low Volatility,0.8292881703743383,0.16770693641805573,0.0030048932079806043,0.47213037828184046
2022-08-11,102.30078125,69,1,Low Volatility,0.7407195380266351,0.25325679262144735,0.00602366935224597,0.6009184377081769
2022-08-12,241.5,70,0,Normal Volatility,0.053320931893029756,0.9308130253808994,0.015866042726067724,0.2887848721323851
2022-08-15,85.5,70,1,Low Volatility,0.6112160358816073,0.35291420400945794,0.035869760108620564,0.7878449919833657
2022-08-16,163.2001953125,69,1,Low Volatility,0.5865735136740661,0.35121141170572306,0.06221507462014394,0.8531890024384178
2022-08-17,93.099609375,100,1,Low Volatility,0.5127029479453323,0.32815238990083145,0.15914466215361617,1.0006669628950127
2022-08-18,233.099609375,75,0,Normal Volatility,0.008537299597732452,0.5724396199754144,0.4190230804267448,0.7244786582530265
2022-08-19,475.6005859375,58,2,High Volatility,2.2922931500339027e-19,0.02999304356634798,0.9700069564334416,0.13471798609852761
2022-08-22,121.900390625,66,2,High Volatility,0.010101068720863268,0.10557931012911195,0.8843196211500647,0.39250412427175
2022-08-23,273.0,59,2,High Volatility,2.1105329531186635e-05,0.14214935094833597,0.8578295437225537,0.4090911657357785
2022-08-24,290.80078125,67,2,High Volatility,2.6066887749765563e-06,0.1380328729001507,0.861964520410791,0.4014121805920301
2022-08-25,275.19921875,84,2,High Volatility,1.3480707196359954e-05,0.1317422558158998,0.8682442634772068,0.3898480463079037
2022-08-26,278.7998046875,53,2,High Volatility,6.59157965250044e-06,0.11631491082626289,0.8836784975937718,0.3596022444035955
2022-08-29,306.0,66,2,High Volatility,2.0711045291323956e-07,0.06731883809621761,0.9326809547935501,0.24665111718241606
2022-08-30,338.5,65,2,High Volatility,1.452059039146796e-09,0.029674962679238893,0.9703250358691425,0.1336105156654004
2022-08-31,402.6005859375,41,2,High Volatility,3.632113343715518e-14,0.01969755043769602,0.9803024495624052,0.09685968875900645
2022-09-01,244.099609375,56,2,High Volatility,5.103598775686245e-05,0.089371671959776,0.9105772920524443,0.30163233025974345
2022-09-02,167.80078125,48,2,High Volatility,0.007885237173758324,0.08822000460127662,0.9038947582248581,0.34370922784197194
2022-09-05,460.8994140625,100,2,High Volatility,9.690510252273166e-19,0.0036501687581265677,0.9963498312422864,0.02413182985990867
2022-09-06,160.7001953125,34,2,High Volatility,0.0004978038246000079,0.05223957320713534,0.947262622968211,0.20931437753130602
2022-09-07,345.400390625,86,2,High Volatility,2.427109459538963e-10,0.012409823993002429,0.987590175764219,0.06680253644504767
2022-09-08,510.0,90,2,High Volatility,5.564991055087049e-25,0.0004819443127544762,0.9995180556870773,0.004162765554058077
2022-09-09,224.5,76,2,High Volatility,1.3122483423993533e-05,0.4013271077926221,0.5986597697237259,0.673699997289249
2022-09-12,155.2001953125,70,2,High Volatility,0.142207693190712,0.4048400601110016,0.4529522466986561,1.0021772794021306
2022-09-13,164.2001953125,20,2,High Volatility,0.14711209989051038,0.4410869668665418,0.4118009332428239,1.0083407928083323
2022-09-14,259.69921875,67,2,High Volatility,0.0003221326567116895,0.35858840177186607,0.641089465571739,0.6553708056928371
2022-09-15,431.0,48,2,High Volatility,1.22459109884275e-16,0.010504558710694117,0.9894954412892544,0.058307393371129466
2022-09-16,465.7998046875,70,2,High Volatility,4.048262755512114e-20,0.0016914141587031058,0.998308585841346,0.012484909980756112
2022-09-19,159.0,44,2,High Volatility,0.00033863622784488566,0.1447284757497693,0.8549328880222055,0.4164465783361416
2022-09-20,243.2001953125,85,2,High Volatility,0.00038899568603957703,0.15533787388256962,0.8442731304311551,0.43523511248676383
2022-09-21,170.099609375,75,2,High Volatility,0.011956619734918156,0.11639982189802923,0.871643558367444,0.42301131744657994
2022-09-23,367.2998046875,79,2,High Volatility,2.3489503224467794e-11,0.01716612451923408,0.9828338754574462,0.08679509742100297
2022-09-26,676.599609375,58,2,High Volatility,3.5734164412773904e-51,1.9845003524077375e-09,0.9999999980154826,4.1749734401735625e-08
2022-09-27,259.1005859375,54,2,High Volatility,5.152950287757318e-13,0.019238590454688898,0.9807614095451415,0.09506086733493424
2022-09-28,372.7998046875,64,2,High Volatility,1.2365691892271056e-12,0.00525222219986372,0.9947477777991801,0.03280786573985087
2022-09-29,413.0,41,2,High Volatility,1.3327044657552214e-15,0.006746673188314394,0.9932533268119031,0.040448497137375236
2022-09-30,173.1005859375,76,2,High Volatility,0.0008156211128420417,0.06614324614196594,0.933041132745645,0.250106272178767
2022-10-03,205.8994140625,93,2,High Volatility,0.0012191585243012605,0.06914843272325234,0.9296324087528727,0.2607416759117185
2022-10-04,451.400390625,99,2,High Volatility,1.925396142323593e-17,0.025615077554543116,0.9743849224456899,0.11915252451640705
2022-10-05,207.2001953125,41,2,High Volatility,0.0007107259245591694,0.5839261678853357,0.4153631061897003,0.6842321700269303
2022-10-06,287.599609375,47,2,High Volatility,5.627629610334231e-05,0.7396118839802502,0.2603318397232899,0.5739937056949148
2022-10-07,146.2998046875,61,2,High Volatility,0.2623863377951937,0.5508355597546176,0.1867781024499892,0.992912798321163
2022-10-10,195.400390625,92,2,High Volatility,0.14360414576147745,0.6825284267320164,0.17386742750671833,0.8435587857364857
2022-10-11,183.7001953125,97,2,High Volatility,0.14631872990025593,0.6522029226424868,0.20147834745705526,0.8827542287191492
2022-10-12,193.599609375,100,2,High Volatility,0.10181395710403136,0.6108285369802482,0.2873575059156268,0.8920490945063193
2022-10-13,157.19921875,84,2,High Volatility,0.11299699162286932,0.40489913305344893,0.4821038753239008,0.9641951860998242
2022-10-14,439.19921875,49,2,High Volatility,4.3827409611037776e-16,0.04822558791034882,0.9517744120898225,0.19325707453994637
2022-10-17,301.099609375,81,2,High Volatility,5.286536594084664e-07,0.07298191725980568,0.9270175540863813,0.2612929540912953
2022-10-18,171.900390625,85,2,High Volatility,0.007855194984817623,0.0962143155799038,0.8959304894352219,0.36178158130020327
2022-10-19,244.400390625,66,2,High Volatility,0.00013240707689488295,0.08080863460463612,0.919058958318245,0.2820434964371842
2022-10-20,478.0,72,2,High Volatility,1.095545894825239e-20,0.0067831466609232045,0.9932168533395196,0.04063047130328657
2022-10-21,328.1005859375,27,0,Normal Volatility,1.6814892869805597e-09,0.3063931396302784,0.6936068586882507,0.6161843052946814
2022-10-24,221.2998046875,90,0,Normal Volatility,0.004213169959856958,0.566192841021503,0.42959398901888984,0.708076513182966
2022-10-25,211.400390625,100,0,Normal Volatility,0.013850073840984963,0.7128305529302232,0.27331937322899563,0.6550987389760898
2022-10-26,259.6005859375,87,0,Normal Volatility,0.0004940658787929524,0.8111075807469131,0.18839835337393546,0.48804423522077167
2022-10-27,285.2998046875,45,0,Normal Volatility,7.59115351280793e-05,0.8957924945995259,0.10413159386571119,0.3348549698339894
2022-10-28,161.2998046875,40,0,Normal Volatility,0.20424197995346466,0.7404913619642154,0.05526665808225541,0.7069316625036188
2022-10-31,209.0,97,0,Normal Volatility,0.05069077801889259,0.8915993600893718,0.057709861891966016,0.41806856044549534
2022-11-01,239.8994140625,70,0,Normal Volatility,0.0035595594035900614,0.9245988168269567,0.071841623769183,0.2817333823535497
2022-11-02,262.099609375,77,0,Normal Volatility,0.0004300620119270365,0.905830743446039,0.09373919454193619,0.3148259302888621
2022-11-03,314.2001953125,34,0,Normal Volatility,1.2550726134096788e-06,0.8926185247862588,0.10738022014084507,0.34102092312253146
2022-11-04,403.599609375,7,0,Normal Volatility,2.752759308626569e-12,0.8862136496672692,0.11378635032960233,0.3543591190076942
2022-11-07,176.0,0,0,Normal Volatility,0.12384378820984165,0.8508510415827188,0.025305170207751974,0.4891453959736613
2022-11-08,356.2001953125,16,0,Normal Volatility,6.969399268028199e-09,0.9473309794607393,0.05266901356975406,0.2063003740490843
2022-11-09,239.099609375,85,0,Normal Volatility,0.003154781527854092,0.9408342925542592,0.05601092591749068,0.23698287539974724
2022-11-10,285.0,51,0,Normal Volatility,4.19378631710324e-05,0.9429464861035942,0.05701157603359442,0.21912651379941284
2022-11-11,271.2998046875,81,0,Normal Volatility,0.00032186424200785,0.9501952535433096,0.049482882214626406,0.19988350581473088
2022-11-14,187.599609375,83,0,Normal Volatility,0.11979083313730184,0.8518735914306055,0.028335575431832814,0.49174475942204543
2022-11-15,176.2998046875,60,0,Normal Volatility,0.1674868874071747,0.8160889995434054,0.016424113049699058,0.5326160255895441
2022-11-16,227.0,60,0,Normal Volatility,0.014767008010216992,0.9742180143200883,0.011014977669451975,0.13735600758977817
2022-11-17,250.2998046875,11,0,Normal Volatility,0.0053899952435917395,0.9922557296067626,0.0023542751498184886,0.05011423584649418
2022-11-18,109.099609375,75,1,Low Volatility,0.6277273545631943,0.3659350623540188,0.006337583083067285,0.6922512736542684
2022-11-21,136.099609375,70,1,Low Volatility,0.5875010158863598,0.4026444327404799,0.00985455137318852,0.7242909353228274
2022-11-22,310.19921875,97,0,Normal Volatility,4.849279627807103e-05,0.9776162643737767,0.022335242830149163,0.10752248506331742
2022-11-23,83.2998046875,47,0,Normal Volatility,0.41428832875940874,0.5706910345920848,0.015020636648536529,0.7482343840704693
2022-11-24,222.1005859375,26,0,Normal Volatility,0.07547093606681722,0.9182375201037717,0.006291543829780477,0.3052313854310417
2022-11-25,151.400390625,16,0,Normal Volatility,0.3036298787238018,0.6839905811998535,0.012379540076775499,0.6760649544823049
2022-11-28,259.69921875,90,0,Normal Volatility,0.0014849694806793525,0.9045987917396924,0.09391623877937111,0.32251409190546215
2022-11-29,339.5,74,0,Normal Volatility,5.8020180424942577e-08,0.8165467300131851,0.18345321196689773,0.47659057347977557
2022-11-30,365.19921875,28,0,Normal Volatility,1.4249655587616552e-09,0.8480368968601513,0.1519631017151133,0.4260992574395181
2022-12-01,186.0,12,0,Normal Volatility,0.0756324856965586,0.9012626787606522,0.02310483554281945,0.3760195330471167
2022-12-02,321.1005859375,0,0,Normal Volatility,7.154923643675604e-07,0.9843556203831665,0.015643664124029934,0.08057298236782617
2022-12-05,271.7998046875,50,0,Normal Volatility,0.0001646872654239711,0.9727961704479552,0.027039142286818765,0.12588907577066905
2022-12-06,262.7998046875,90,0,Normal Volatility,0.0004694732636962893,0.9660476275100847,0.03348289922613056,0.1506993984781147
2022-12-07,232.7998046875,35,0,Normal Volatility,0.004700116195840802,0.9715207290972581,0.02377915470645333,0.1421722173946216
2022-12-08,302.2998046875,89,0,Normal Volatility,1.3738273069156457e-05,0.9645769175975151,0.0354093441296495,0.1532367594921738
2022-12-09,186.900390625,43,0,Normal Volatility,0.11900562331652775,0.8684948521015037,0.012499524581816477,0.4305394878117428
2022-12-12,205.2001953125,67,0,Normal Volatility,0.1475432522608394,0.8460238650091163,0.006432882729710672,0.45626794961978145
2022-12-13,148.0,80,1,Low Volatility,0.5551937182012782,0.4403931631895302,0.0044131186090364035,0.7117911755923998
2022-12-14,175.3994140625,64,1,Low Volatility,0.5745804042088143,0.4229356070753683,0.002483988715427023,0.6972334834354568
2022-12-15,122.6005859375,48,1,Low Volatility,0.6793184537035808,0.3186426701155939,0.002038876180441222,0.639727239137272
2022-12-16,212.2998046875,6,0,Normal Volatility,0.22880766278752684,0.7702894310554292,0.0009029061568002493,0.5448286696430765
2022-12-19,100.599609375,57,0,Normal Volatility,0.5008983174877616,0.4917865337966206,0.007315148715998194,0.7312977108434306
2022-12-20,233.6005859375,93,0,Normal Volatility,0.01912465755911679,0.9671516706571837,0.013723671783377203,0.16683061078025
2022-12-21,293.69921875,62,0,Normal Volatility,5.8245678357520244e-05,0.9858968350287871,0.014044919292764831,0.0744797157317793
2022-12-22,161.099609375,4,0,Normal Volatility,0.34866118697228177,0.6498133875326284,0.001525425494880385,0.6573766882966413
2022-12-23,185.80078125,5,0,Normal Volatility,0.2875992665866313,0.7101132519475937,0.0022874814656931646,0.6154047541458942
2022-12-28,169.6005859375,34,0,Normal Volatility,0.25975550107136575,0.7120327940370796,0.028211704891214457,0.6926426845418445
2022-12-29,447.0,13,0,Normal Volatility,2.0097040587351573e-15,0.8281413316589531,0.17185866834086813,0.45882116165434983
2022-12-30,174.1005859375,0,0,Normal Volatility,0.12561656494192797,0.8552722637101927,0.01911117134811608,0.4699356930457216
2023-01-03,305.2998046875,36,0,Normal Volatility,8.02332992553229e-06,0.9799308870892692,0.020061089580790687,0.09837876753637655
2023-01-04,209.2001953125,51,0,Normal Volatility,0.02441815808000406,0.9653044485338224,0.01027739338626399,0.171785176095004
2023-01-05,265.0,10,0,Normal Volatility,0.0005504744526059411,0.9967743768730334,0.002675148674206281,0.023198490164204583
2023-01-06,202.900390625,0,0,Normal Volatility,0.11904285923239889,0.8805766240627316,0.00038051670514229976,0.3683419939888975
2023-01-09,175.2001953125,0,1,Low Volatility,0.49378530178152485,0.5061124434537828,0.00010225476429111991,0.6940420847772765
2023-01-10,137.5,14,1,Low Volatility,0.8100370164343768,0.1898345585137875,0.0001284250517332319,0.48723507278421974
2023-01-11,132.900390625,22,1,Low Volatility,0.8133346886410631,0.18639647175834148,0.0002688396008498407,0.4833789930641971
2023-01-12,171.19921875,12,1,Low Volatility,0.4827291645555666,0.5167731833658027,0.0004976520789134723,0.6965048116656886
2023-01-13,262.6005859375,13,0,Normal Volatility,0.002263431617029012,0.995829904667536,0.0019066637153194045,0.029887954798076613
2023-01-16,195.8994140625,43,0,Normal Volatility,0.12423485601798,0.870990700425995,0.00477444355610495,0.40492352702661577
2023-01-17,143.0,83,0,Normal Volatility,0.3397129899410475,0.6497516001920635,0.010535409866612604,0.694890647463099
2023-01-18,249.0,90,0,Normal Volatility,0.00464979561390831,0.9805896663648657,0.014760538021548884,0.1064219052257572
2023-01-19,224.0,36,0,Normal Volatility,0.00978436039030599,0.982288530307719,0.007927109301856364,0.10117275813061999
2023-01-20,248.8994140625,91,0,Normal Volatility,0.007220712225846388,0.9865766216084508,0.006202666166068853,0.08046354205932554
2023-01-23,139.6005859375,74,1,Low Volatility,0.6166054511777337,0.38062729860138184,0.0027672502210498036,0.6821046280904108
2023-01-24,100.7998046875,4,1,Low Volatility,0.7196428388569582,0.27975615330816717,0.0006010078348637095,0.5975840096783336
2023-01-25,231.69921875,6,0,Normal Volatility,0.028370284378277252,0.9708886664420572,0.0007410491794673794,0.13509116614380628
2023-01-27,232.400390625,19,0,Normal Volatility,0.025319925694740404,0.9739482000482222,0.0007318742569332745,0.12407371583979905
2023-01-30,131.099609375,42,1,Low Volatility,0.6556580925795378,0.3434191047280495,0.0009228026927880085,0.6502598995800307
2023-01-31,129.69921875,5,1,Low Volatility,0.6804031368583626,0.31910693746523155,0.0004899256762483658,0.6302297545359439
2023-02-01,257.1005859375,65,0,Normal Volatility,0.01116151487648896,0.9845075754940643,0.004330909629314968,0.0891146805247308
2023-02-02,155.7998046875,78,1,Low Volatility,0.4452340799351763,0.5512136795131629,0.003552240551342992,0.7086196119764072
2023-02-03,185.900390625,56,1,Low Volatility,0.5088011866398748,0.4904025941282942,0.0007962192321004637,0.698903317673098
2023-02-06,134.7998046875,8,1,Low Volatility,0.8503476301482358,0.14958526435657635,6.710549537694143e-05,0.42269007466555586
2023-02-07,144.2001953125,0,1,Low Volatility,0.8989416148687351,0.10103618630634269,2.21988251804111e-05,0.3276114656980632
2023-02-08,152.30078125,10,1,Low Volatility,0.8805797806206921,0.11937580413366328,4.44152452031226e-05,0.3661633712843749
2023-02-09,107.099609375,9,1,Low Volatility,0.8531125152959753,0.14671801032347195,0.0001694743803080994,0.41858772891758145
2023-02-10,186.8994140625,31,0,Normal Volatility,0.32534754923519443,0.6735491153028531,0.0011033354623643712,0.6390160509740088
2023-02-13,254.7998046875,1,0,Normal Volatility,0.0021159885277608572,0.9969187216949241,0.0009652897772561612,0.022809363342259532
2023-02-14,295.80078125,0,0,Normal Volatility,4.0173640357944164e-05,0.9989160369205222,0.0010437894392281467,0.008655532506568225
2023-02-15,163.7001953125,35,1,Low Volatility,0.4593957522883198,0.5395841672827082,0.0010200804287926338,0.6972640208613747
2023-02-16,146.599609375,41,1,Low Volatility,0.6376649852775418,0.3612899553567338,0.0010450593654332825,0.6619054332978812
2023-02-17,194.2001953125,1,1,Low Volatility,0.4687508492819639,0.5310745168647413,0.00017463385332777147,0.6927681084482605
2023-02-20,144.099609375,16,1,Low Volatility,0.6953216614591061,0.3042694643132528,0.00040887422759357543,0.6178890220409851
2023-02-21,152.900390625,49,1,Low Volatility,0.553134336340748,0.4452984917274869,0.0015671719319055393,0.6979136097650648
2023-02-22,259.8994140625,22,0,Normal Volatility,0.009173988483952436,0.9898450470928504,0.000980964423165468,0.05993702624118312
2023-02-23,117.80078125,30,1,Low Volatility,0.6898862237100115,0.30854843846600677,0.0015653378242727382,0.6290318668376667
2023-02-24,106.400390625,92,1,Low Volatility,0.6689614844018785,0.3259100280798044,0.005128487518691295,0.6613727961534395
2023-02-27,225.2998046875,48,0,Normal Volatility,0.03954838943001052,0.9516269503261825,0.008824660243857314,0.21667659836985345
2023-02-28,227.3994140625,90,0,Normal Volatility,0.009741646102303906,0.9723165115814758,0.017941842316169892,0.14455096581331847
2023-03-01,259.2998046875,53,0,Normal Volatility,0.001024103481578301,0.9793231283600282,0.019652768158212805,0.10473776208300581
2023-03-02,194.2998046875,61,0,Normal Volatility,0.1424037742959492,0.8380933771136025,0.0195028485904149,0.502372987473714
2023-03-03,136.599609375,26,0,Normal Volatility,0.3948484832368759,0.5744951920859054,0.03065632467743332,0.7921706765700629
2023-03-06,236.7001953125,52,0,Normal Volatility,0.009880899308150152,0.8497144344469444,0.14040466624457962,0.459647978236548
2023-03-07,204.099609375,67,0,Normal Volatility,0.013132516790725095,0.5687821798137805,0.418085303395895,0.7424380872933107
2023-03-08,568.5,92,2,High Volatility,8.196278458556354e-32,5.3044309991808064e-05,0.9999469556895765,0.0005752314047514813
2023-03-09,158.0,77,2,High Volatility,6.613942245276455e-06,0.0246914272206487,0.9753019588375101,0.11585974131100735
2023-03-10,420.400390625,20,2,High Volatility,1.1282955669660741e-15,0.010574616787458798,0.989425383212351,0.058625598779051366
2023-03-13,150.0,62,2,High Volatility,0.0015147126137384835,0.029847367132797835,0.968637920253477,0.14551314763715797
2023-03-14,431.2998046875,39,2,High Volatility,1.861244767769597e-16,0.005595743046593664,0.9944042569532842,0.03459817728669498
2023-03-15,124.2998046875,48,2,High Volatility,0.001223111166182458,0.027140675054180195,0.9716362137798311,0.13404915989019556
2023-03-16,503.19921875,18,2,High Volatility,5.2864150038539085e-24,0.0018336870813557618,0.998166312918646,0.01338684929018772
2023-03-17,223.2001953125,50,2,High Volatility,1.641112635125494e-05,0.13902256082780448,0.860961028046208,0.4033799390875463
2023-03-20,309.2001953125,92,2,High Volatility,4.76529854465723e-07,0.16620721635930447,0.8337923071107844,0.44982831825258174
2023-03-21,217.5,48,2,High Volatility,0.002069421512243157,0.23730926087505605,0.760621317612524,0.5622545011919894
2023-03-22,438.7998046875,33,2,High Volatility,2.9813701181236992e-15,0.21133473710993583,0.7886652628902101,0.5157197367906883
2023-03-23,104.2001953125,30,2,High Volatility,0.13710802596117375,0.3773915052662344,0.4855004687723337,0.9909997761469655
2023-03-24,147.5,65,2,High Volatility,0.1927494188124479,0.3692703112641043,0.43798026992301703,1.0468009448471354
2023-03-27,228.7001953125,67,2,High Volatility,0.0091913761405753,0.5248016787264985,0.4660069451331711,0.7372826030403914
2023-03-28,414.2998046875,42,2,High Volatility,2.3449816644629797e-13,0.4269120312697366,0.5730879687300503,0.6824251020936738
2023-03-29,212.900390625,29,2,High Volatility,0.029727510112200855,0.697904538156606,0.27236795173111217,0.7097719975878553
2023-03-30,119.2998046875,69,2,High Volatility,0.3802278610273353,0.35064266076169615,0.26912947821131505,1.0883929581223
2023-03-31,158.2998046875,47,2,High Volatility,0.27570021935583566,0.4120218155543564,0.31227796508985256,1.0840029193222311
2023-04-03,489.5,8,2,High Volatility,1.46661788042902e-19,0.38253827249593136,0.6174617275042266,0.6652930718345653
2023-04-04,171.3994140625,23,0,Normal Volatility,0.06881924420622873,0.8379674679650946,0.09321328782885324,0.5534940918025896
2023-04-05,226.400390625,38,0,Normal Volatility,0.039777167294360136,0.9462281877390475,0.013994644966974537,0.24030371499260728
2023-04-06,147.599609375,68,1,Low Volatility,0.6033606856255366,0.3922903848719279,0.00434892950217824,0.6955776179247841
2023-04-11,157.2001953125,94,1,Low Volatility,0.7573114131837292,0.24101269425569707,0.0016758925603681577,0.5641676265621494
2023-04-12,91.5,60,1,Low Volatility,0.8599088557433132,0.13878773318445817,0.0013034110725580871,0.41252268822687077
2023-04-13,175.7001953125,49,1,Low Volatility,0.7308610709496576,0.268464445316201,0.0006744837343773768,0.5871136622346033
2023-04-14,148.30078125,73,1,Low Volatility,0.7967718225118641,0.20228470756887254,0.000943469919124543,0.5108552797325856
2023-04-17,96.2998046875,32,1,Low Volatility,0.7565770056214371,0.24231359752402118,0.0011093968540965924,0.5620811343670933
2023-04-18,249.2001953125,31,0,Normal Volatility,0.028076262614035685,0.9704172947707377,0.0015064426152839024,0.13924136378716523
2023-04-19,95.1005859375,56,1,Low Volatility,0.6328854717951369,0.3637823912408179,0.003332136963858227,0.6763869824911901
2023-04-20,156.5,72,1,Low Volatility,0.5499896541437322,0.44694081164668326,0.003069534209481425,0.7065099843676906
2023-04-21,219.7998046875,24,0,Normal Volatility,0.18765818385281813,0.8118906349684535,0.00045118117902145433,0.4866424570443667
2023-04-24,134.69921875,0,1,Low Volatility,0.7861289529528787,0.21379821188645218,7.28351609962615e-05,0.5196949645657827
2023-04-26,145.5,89,1,Low Volatility,0.8658411538955662,0.13388213329097748,0.0002767128131479624,0.3962042841182673
2023-04-27,111.099609375,35,1,Low Volatility,0.9168998201063295,0.0827079019906113,0.0003922779031443087,0.2887688743673003
2023-04-28,92.80078125,87,1,Low Volatility,0.8322802811557173,0.16534326324402088,0.002376455600507509,0.46472740562455206
2023-05-01,184.0,94,0,Normal Volatility,0.43409628560837354,0.5598838164137435,0.006019897977963128,0.717773542999492
2023-05-02,183.2001953125,50,0,Normal Volatility,0.22514364889382332,0.7621300481406025,0.012726302965528763,0.5982551225618318
2023-05-03,309.0,76,0,Normal Volatility,7.945504659840534e-06,0.963421596445254,0.03657045805012678,0.15698829917406226
2023-05-04,237.80078125,48,0,Normal Volatility,0.008998052835723613,0.9690029840536029,0.021998963110475833,0.1568638789337799
2023-05-05,79.0,88,0,Normal Volatility,0.3245957219491134,0.6525927871741974,0.022811490876903998,0.7299934333355118
2023-05-08,282.5,61,0,Normal Volatility,0.0008172444485209891,0.9916715837222486,0.007511171829117215,0.05084377073579095
2023-05-09,137.2998046875,42,1,Low Volatility,0.7196269447846282,0.279531246138777,0.0008418090762925628,0.599035351867209
2023-05-10,86.0,46,1,Low Volatility,0.9051523499633077,0.09457995443321375,0.0002676956037314065,0.3154510474890173
2023-05-11,84.3994140625,46,1,Low Volatility,0.9356035365680815,0.06426148776076858,0.00013497567153370716,0.23986429770380893
2023-05-12,141.2998046875,47,1,Low Volatility,0.9270358799663038,0.0729232590305152,4.086100276646923e-05,0.2615863844974962
2023-05-15,93.2998046875,4,1,Low Volatility,0.9596218385368945,0.04036850358444281,9.657878922013269e-06,0.16923429548845742
2023-05-16,85.2998046875,33,1,Low Volatility,0.9534771004063902,0.046484761741791815,3.813785173784376e-05,0.18845611984384894
2023-05-17,99.2001953125,50,1,Low Volatility,0.9481240430640372,0.051801754263692046,7.420267234621668e-05,0.20456243356296755
2023-05-18,133.6005859375,54,1,Low Volatility,0.9301851058015754,0.06972200835919096,9.288583933784267e-05,0.2538678078845959
2023-05-19,126.2998046875,83,1,Low Volatility,0.9237924379988259,0.07602553410697309,0.0001820278937960379,0.2706884928178816
2023-05-22,140.69921875,76,1,Low Volatility,0.9023148403929894,0.09746547591279035,0.00021968369396917388,0.3215256906342661
2023-05-23,153.30078125,80,1,Low Volatility,0.8836867843524198,0.11613975897132374,0.00017345667655420573,0.36081659786506437
2023-05-24,99.2998046875,57,1,Low Volatility,0.9339834657199028,0.06583646813132218,0.00018006614852960668,0.2444538748158415
2023-05-25,112.30078125,87,1,Low Volatility,0.9307114498385521,0.06893968299096051,0.0003488671702943958,0.253988710924269
2023-05-26,90.5,89,1,Low Volatility,0.9023216989405142,0.09671544215831172,0.0009628589014166026,0.325357575984559
2023-05-29,155.0,68,1,Low Volatility,0.7824206817890422,0.21560635232571806,0.0019729658852192253,0.5350699693564176
2023-05-30,148.400390625,94,1,Low Volatility,0.596106371472565,0.39767008100379014,0.006223547523251316,0.7067038880731258
2023-05-31,324.69921875,86,0,Normal Volatility,9.973368513194141e-06,0.9822738691051129,0.017716157526414637,0.08913712762028785
2023-06-01,117.599609375,85,1,Low Volatility,0.600512465778819,0.38888362485517075,0.0106039093661673,0.7217464072842688
2023-06-02,156.400390625,68,1,Low Volatility,0.5720505103534276,0.4222345457962778,0.005714943850269781,0.7130702521176915
2023-06-05,208.3994140625,61,1,Low Volatility,0.2993087026024286,0.6983085173395267,0.0023827800576945815,0.6261993970548767
2023-06-06,115.8994140625,36,1,Low Volatility,0.7365205771933336,0.2615837752707401,0.0018956475360873226,0.5879076358701005
2023-06-07,139.099609375,56,1,Low Volatility,0.6335014635321254,0.3625220511038718,0.003976485363607099,0.6790086587160663
2023-06-08,273.2001953125,80,0,Normal Volatility,0.0023683448399580624,0.9855105877599901,0.012121067399873947,0.08218988044528061
2023-06-09,82.6005859375,49,0,Normal Volatility,0.3969264765247295,0.589814898859992,0.013258624615332448,0.7354709143163282
2023-06-13,241.1005859375,54,0,Normal Volatility,0.035056093712430014,0.9539503336941364,0.010993572593359478,0.2120247815666066
2023-06-14,116.1005859375,71,1,Low Volatility,0.6450443935515389,0.3370321129873081,0.01792349346082177,0.7214410586907005
2023-06-15,83.0,46,1,Low Volatility,0.63862568323332,0.3282715589683279,0.033102757798131745,0.764868350024833
2023-06-16,400.0,1,0,Normal Volatility,3.801618110025294e-11,0.9041605359950581,0.09583946396665392,0.31584396412818744
2023-06-19,127.900390625,74,0,Normal Volatility,0.3038459422741628,0.5779942325398876,0.11815982518563954,0.9311591840323121
2023-06-20,237.2998046875,70,0,Normal Volatility,0.014324091459118417,0.8082282584399924,0.17744765010087668,0.5397190197537396
2023-06-21,165.0,87,0,Normal Volatility,0.11536427038779253,0.5911024375127707,0.2935332920995801,0.9197318064637705
2023-06-22,251.8994140625,99,0,Normal Volatility,0.0008472619302812684,0.45781455709431756,0.5413381809751614,0.6959047810182966
2023-06-23,509.400390625,37,2,High Volatility,5.200116939406583e-22,0.12013296274715142,0.8798670372525302,0.3671898265800549
2023-06-26,88.5,64,0,Normal Volatility,0.08921266006474686,0.6596015996035063,0.2511857403321079,0.8371048781590478
2023-06-27,114.5,100,1,Low Volatility,0.5293260660279,0.3900678658514119,0.0806060681209677,0.9069351825930456
2023-06-28,166.7998046875,62,1,Low Volatility,0.6459100533029629,0.33802945486333935,0.016060491833533926,0.7153105366008619
2023-06-29,70.2998046875,83,1,Low Volatility,0.8272796574620412,0.16568817239076403,0.007032170147043892,0.48957181263621213
2023-06-30,111.7001953125,96,1,Low Volatility,0.8874808046326267,0.10963330988229975,0.002885885484657309,0.3651705219963457
2023-07-03,148.19921875,100,1,Low Volatility,0.8320707664062053,0.16651743959545212,0.0014117939980606742,0.46073986134599687
2023-07-04,168.0,31,1,Low Volatility,0.7239668944580995,0.27533459846945335,0.0006985070728374223,0.5940418232605591
2023-07-05,160.2001953125,53,1,Low Volatility,0.6568659893067675,0.3412761052646218,0.0018579054290146426,0.6546410606408151
2023-07-06,162.2998046875,74,1,Low Volatility,0.46225285655686515,0.5331896737342536,0.0045574697087681715,0.7165748362797545
2023-07-07,278.8994140625,38,0,Normal Volatility,0.00033728551279656237,0.992720861118698,0.006941853368521559,0.044451343493742704
2023-07-10,220.5,47,0,Normal Volatility,0.03834680212258525,0.958056348815634,0.003596849061774683,0.18634557850643108
2023-07-11,127.599609375,7,0,Normal Volatility,0.43687265621069704,0.5621581601261311,0.0009691836633274707,0.6922927631003106
2023-07-12,256.69921875,30,0,Normal Volatility,0.010506561805240728,0.9884397101739966,0.0010537280210651365,0.06658228424790881
2023-07-13,130.400390625,49,1,Low Volatility,0.6930805944929938,0.30610988008394197,0.0008095254226325801,0.6222289288164378
2023-07-14,160.5,46,1,Low Volatility,0.7842991535601201,0.21540328510631396,0.00029756133355086445,0.5236696617206772
2023-07-17,130.7998046875,0,1,Low Volatility,0.8742339985112516,0.12566974775573347,9.625373288961598e-05,0.37904490945246366
2023-07-18,138.900390625,69,1,Low Volatility,0.7236899732855859,0.27498976352954063,0.0013202631848676723,0.5978066026225817
2023-07-19,222.2998046875,33,0,Normal Volatility,0.1563186221512234,0.8421840881283323,0.0014972897208148034,0.4444945502668826
2023-07-20,109.5,42,0,Normal Volatility,0.5531253008657749,0.4436259860560374,0.003248713077826053,0.7067255180550635
2023-07-21,190.2998046875,56,0,Normal Volatility,0.20879829129226213,0.7862208627775964,0.0049808459300163125,0.5425679668087515
2023-07-24,274.8994140625,86,0,Normal Volatility,0.0013286621001270507,0.9927935887452058,0.005877749154222065,0.04617242278826439
2023-07-25,155.7001953125,20,1,Low Volatility,0.5884402272109528,0.41099768699046557,0.0005620857987807634,0.6816904739063037
2023-07-26,160.7001953125,0,1,Low Volatility,0.7848793328012736,0.21507115996046125,4.9507238193249906e-05,0.5211268264126678
2023-07-27,102.3994140625,57,1,Low Volatility,0.9053225955629726,0.09440987096846537,0.0002675334684665677,0.3150654005657173
2023-07-28,138.5,42,1,Low Volatility,0.879753143051256,0.11992459806624718,0.00032225888236345196,0.3696467747848942
2023-07-31,162.7001953125,78,1,Low Volatility,0.7570829588163096,0.24193705421861159,0.0009799869652985266,0.5607996934043581
2023-08-01,165.0,52,1,Low Volatility,0.6525250496480324,0.34623230417217643,0.0012426461794449804,0.654110311723018
2023-08-02,173.599609375,32,1,Low Volatility,0.4934338083496937,0.5054148448363532,0.0011513468137224537,0.701218914411807
2023-08-03,197.400390625,34,1,Low Volatility,0.29853848106133085,0.7001929191858898,0.001268599752556646,0.6188998490846632
2023-08-04,185.69921875,85,1,Low Volatility,0.4545676958656125,0.5444779281149313,0.0009543760191072936,0.6960254757185761
2023-08-07,95.7001953125,59,1,Low Volatility,0.8529903905242509,0.1465736709012011,0.00043593857495894295,0.42045947280367774
2023-08-08,104.900390625,1,1,Low Volatility,0.9169720118215732,0.08294365832602925,8.432985195557649e-05,0.28676869137738226
2023-08-09,135.900390625,19,1,Low Volatility,0.7510155035919257,0.24834167014435785,0.000642826263338552,0.5656895193167294
2023-08-10,296.400390625,50,0,Normal Volatility,6.481884663716099e-05,0.9902424181643894,0.009692762988866835,0.05527421975530682
2023-08-11,268.7998046875,72,0,Normal Volatility,0.0010670477454583856,0.992639224316658,0.006293727938184224,0.0465331590043215
2023-08-14,158.099609375,36,1,Low Volatility,0.6088895277272931,0.39060845101522446,0.000502021257413906,0.673086431917793
2023-08-15,114.69921875,0,1,Low Volatility,0.9004807531868958,0.09947881663193567,4.043018151492823e-05,0.3243814870641218
2023-08-16,150.2001953125,22,1,Low Volatility,0.8979684530184899,0.10197838220821279,5.316477307046491e-05,0.3299790037013693
2023-08-17,126.400390625,78,1,Low Volatility,0.915386960454649,0.0843399408083696,0.0002730987366836097,0.2917330695686386
2023-08-18,96.2998046875,59,1,Low Volatility,0.8928967247884942,0.106448761869145,0.0006545133419605018,0.34440483996160737
2023-08-21,163.7001953125,59,1,Low Volatility,0.6816395125416641,0.31725720785607714,0.001103279602121488,0.6329787883223524
2023-08-22,202.099609375,34,1,Low Volatility,0.4074292963650139,0.5919216995094626,0.0006490041256819808,0.680982002319503
2023-08-23,113.2998046875,40,1,Low Volatility,0.7505718383621942,0.2484987644245006,0.0009293972132191686,0.567831258751209
2023-08-24,160.2998046875,17,1,Low Volatility,0.5934296367458902,0.40588051948573156,0.0006898437685043022,0.6806757483666606
2023-08-25,221.7998046875,58,0,Normal Volatility,0.16477196736019742,0.8322164633367523,0.003011569302883617,0.4674457889182231
2023-08-28,135.900390625,52,1,Low Volatility,0.6857167590686019,0.3077900990936855,0.00649314183767196,0.6541010475389276
2023-08-29,93.400390625,54,1,Low Volatility,0.7387786520324348,0.24218085166429223,0.019040496303286056,0.6425228480814589
2023-08-30,179.2001953125,70,0,Normal Volatility,0.3245014964026076,0.6088717015627251,0.06662680203482063,0.8477739935037029
2023-08-31,382.2001953125,90,0,Normal Volatility,3.4296205768832073e-10,0.7594840185451142,0.24051598111233163,0.5516739672077168
2023-09-01,292.2001953125,57,0,Normal Volatility,2.0990477214649647e-05,0.8541627433202201,0.1458162662027284,0.41562658340782543
2023-09-04,208.69921875,44,0,Normal Volatility,0.050640702657084605,0.9102794949149234,0.039079802427858905,0.36333329910449735
2023-09-05,153.599609375,45,0,Normal Volatility,0.27035067086873316,0.716025884663547,0.013623444467899586,0.6513346003522148
2023-09-06,227.099609375,20,0,Normal Volatility,0.023910720511578762,0.972122691557178,0.0039665879313730236,0.1386886688367187
2023-09-07,215.7001953125,72,0,Normal Volatility,0.07174882721811021,0.9246732063602511,0.003577966421427159,0.2815985242874228
2023-09-08,150.7998046875,42,1,Low Volatility,0.589060355455051,0.4094063030288607,0.0015333415159586952,0.6873021053339159
2023-09-11,87.400390625,31,1,Low Volatility,0.7033003840494298,0.2952530893258354,0.00144652662513225,0.6171855630713391
2023-09-12,222.5,0,0,Normal Volatility,0.18327085376790683,0.8164984170780258,0.00023072915390579853,0.4784333392029125
2023-09-13,122.099609375,38,1,Low Volatility,0.7144497385109012,0.2843162781648659,0.001233983324670918,0.606068557776924
2023-09-14,98.7998046875,84,1,Low Volatility,0.67435731947643,0.32226846038635654,0.0033742201372076713,0.6498254519819407
2023-09-15,280.30078125,11,0,Normal Volatility,0.0007771047749763197,0.9975102406563653,0.0017126545690549948,0.018959791472530425
2023-09-18,180.400390625,34,0,Normal Volatility,0.2972694167026139,0.7012246840592365,0.0015058992377648195,0.6192918149885857
2023-09-19,92.400390625,21,0,Normal Volatility,0.5688207812465679,0.42896388590531664,0.0022153328482546297,0.6975313615727649
2023-09-20,243.599609375,51,0,Normal Volatility,0.008857350189205885,0.9850585196891495,0.006084130121606786,0.08773529655528699
2023-09-21,235.599609375,42,0,Normal Volatility,0.004208339629914058,0.990208938005716,0.005582722364625569,0.06172908487575045
2023-09-22,259.900390625,21,0,Normal Volatility,0.002342398004807541,0.9963991001127799,0.0012585018828253046,0.026185395675605926
2023-09-25,137.900390625,31,1,Low Volatility,0.6823916947232045,0.3170426528082464,0.0005656524688157958,0.6291995689988962
2023-09-26,139.2001953125,48,1,Low Volatility,0.7946465459248809,0.20465578276761187,0.000697671307563927,0.5123974813693846
2023-09-27,139.2001953125,25,1,Low Volatility,0.6813677023230924,0.31782637072430653,0.0008059269521787511,0.631458409400409
2023-09-28,338.400390625,17,0,Normal Volatility,1.201007198676888e-06,0.9968640209425804,0.003134778049884885,0.021220041988178784
2023-09-29,131.8994140625,0,1,Low Volatility,0.6621500508272206,0.33520951346895506,0.0026404357036915777,0.6550396323072853
2023-10-02,118.1005859375,20,1,Low Volatility,0.6332941783664152,0.33318521758416697,0.03352060404953853,0.769313443190815
2023-10-03,451.0,70,0,Normal Volatility,3.027237763141029e-15,0.4740846884829794,0.5259153115173149,0.691803371769234
2023-10-04,140.19921875,47,0,Normal Volatility,0.15013408819981222,0.619224206079509,0.23064170572088877,0.9198008512033113
2023-10-05,286.6005859375,88,0,Normal Volatility,0.00023775716670667042,0.8713903607560548,0.1283718820769386,0.38546892717718756
2023-10-06,115.2001953125,33,0,Normal Volatility,0.36660945277002965,0.590828741157333,0.042561806072235836,0.8131475366352978
2023-10-09,359.2001953125,3,0,Normal Volatility,1.938447187375497e-08,0.9814642584302793,0.018535722184819716,0.09228471604205182
2023-10-10,190.19921875,4,0,Normal Volatility,0.2899437770292318,0.7095943905026239,0.00046183246771915206,0.6059518951952552
2023-10-11,76.900390625,28,1,Low Volatility,0.8260647495101457,0.17360770560744063,0.00032754488238432824,0.4644540287499685
2023-10-12,80.3994140625,43,1,Low Volatility,0.9094712961390577,0.09011948331935321,0.00040922054184928697,0.306377091999397
2023-10-13,62.099609375,85,1,Low Volatility,0.8816605435959561,0.11750690386200077,0.0008325525417957309,0.3685597927891896
2023-10-16,134.099609375,58,1,Low Volatility,0.8795009958943582,0.11998530300132605,0.000513701104444392,0.3712343039375313
2023-10-17,65.2001953125,1,1,Low Volatility,0.7722548738048995,0.22733823969241776,0.0004068865027669436,0.5395184404286969
2023-10-18,290.599609375,0,0,Normal Volatility,0.0001754792867025175,0.9984041990253625,0.0014203216875853047,0.01242493739504481
2023-10-19,199.0,38,0,Normal Volatility,0.12058257699545938,0.8739661303334275,0.005451292671121925,0.4012296313270459
2023-10-20,120.7001953125,78,0,Normal Volatility,0.4089000438608033,0.5737250511162386,0.017374905022917525,0.754853268067906
2023-10-23,368.0,62,0,Normal Volatility,1.5154440657054948e-08,0.9664688795034097,0.03353110534172344,0.1468103845787424
2023-10-24,129.5,51,1,Low Volatility,0.6435444116179889,0.3488222507941293,0.007633337588284765,0.6882427215849461
2023-10-25,166.099609375,25,1,Low Volatility,0.7091036944889001,0.2899565440071063,0.0009397615040712523,0.6092801349216395
2023-10-26,147.8994140625,33,1,Low Volatility,0.771300540964826,0.22810796468145803,0.0005914943538094395,0.5418146650846938
2023-10-27,144.30078125,29,1,Low Volatility,0.6443923211960182,0.3545539289263687,0.0010537498774661944,0.6580356315300576
2023-10-30,297.0,55,0,Normal Volatility,0.00023809082953392196,0.9954351924076573,0.004326716762428093,0.030090817925211143
2023-10-31,130.3994140625,42,1,Low Volatility,0.6106189331535588,0.3874980150920039,0.0018830517541752606,0.6803887170112983
2023-11-01,150.2001953125,7,1,Low Volatility,0.5858080157761822,0.4136590019204777,0.0005329823029708537,0.6824279532852048
2023-11-02,233.599609375,77,0,Normal Volatility,0.08946247904998772,0.9089512738887655,0.001586247061415793,0.31295418827567767
2023-11-03,140.6005859375,50,1,Low Volatility,0.7267199215947361,0.27291693909382386,0.00036313931139969683,0.5892621950481203
2023-11-06,123.7998046875,1,1,Low Volatility,0.911288233760454,0.08867797676556884,3.3789474146267704e-05,0.29984695257248895
2023-11-07,107.599609375,20,1,Low Volatility,0.9032342029467902,0.09664254526207151,0.0001232517910760459,0.3188627729726415
2023-11-08,190.0,27,1,Low Volatility,0.6449211393350622,0.3548829839439306,0.000195876721274802,0.6521994953466553
2023-11-09,126.400390625,5,1,Low Volatility,0.8143489620715759,0.18542979437539792,0.0002212435532820162,0.48156571771052487
2023-11-10,174.900390625,52,1,Low Volatility,0.5876606932383951,0.4099028094486444,0.0024364973128147335,0.6926303155630337
2023-11-13,160.5,96,1,Low Volatility,0.44227121070201364,0.5487318007432502,0.008996988554553314,0.7325215120085106
2023-11-14,310.69921875,79,0,Normal Volatility,2.5070398628514897e-05,0.978410328140338,0.021564601461458388,0.10435746305913707
2023-11-15,157.0,46,0,Normal Volatility,0.28119030653720023,0.7096609144206494,0.009148779041754115,0.6430893685075344
2023-11-16,191.7001953125,45,0,Normal Volatility,0.1353164217959597,0.8598849414782618,0.004798636725705496,0.4260790395581498
2023-11-17,249.5,1,0,Normal Volatility,0.008735864162057762,0.9907167501796711,0.0005473856584334397,0.05476186589682592
2023-11-20,159.7998046875,93,1,Low Volatility,0.5875275707557083,0.4119975344254685,0.0004748948186930929,0.6814339523274535
2023-11-21,86.400390625,5,1,Low Volatility,0.9085918553709256,0.09136128290938977,4.686171970574856e-05,0.30618557557946036
2023-11-22,98.900390625,25,1,Low Volatility,0.9404793592002159,0.05945172524087005,6.891555876990972e-05,0.2261813338099758
2023-11-23,148.400390625,79,1,Low Volatility,0.887939322374317,0.11182297280150529,0.00023770482420034118,0.35250281832379954
2023-11-24,155.0,67,1,Low Volatility,0.8677450226308604,0.13199910754913197,0.0002558698199954548,0.3925052053540982
2023-11-27,72.2998046875,41,1,Low Volatility,0.9041466268794667,0.09545729553557995,0.00039607758486834743,0.31844449293376287
2023-11-28,147.7998046875,90,1,Low Volatility,0.8507801730639188,0.14865858240829663,0.0005612445276509261,0.4250470351047555
2023-11-29,173.2001953125,58,1,Low Volatility,0.7652002630942315,0.23434965556088838,0.00045008134474622047,0.5482770257589702
2023-11-30,65.900390625,17,1,Low Volatility,0.8610694236053832,0.13832320131349635,0.0006073750812934288,0.40692307260439864
2023-12-01,86.5,63,1,Low Volatility,0.7382073172117765,0.2595166466307295,0.002276036157054859,0.5879898401012682
2023-12-04,263.80078125,4,0,Normal Volatility,0.0023353769622719033,0.9959201195026971,0.0017445035352855276,0.02930279416428572
2023-12-05,208.3994140625,63,0,Normal Volatility,0.07665544442643393,0.9152071544117513,0.008137401161732965,0.31712763517521714
2023-12-06,107.5,76,0,Normal Volatility,0.4099023819741549,0.5748986814087091,0.015198936616861383,0.7474383539420102
2023-12-07,280.5,99,0,Normal Volatility,0.0004530993126441773,0.979992104055363,0.0195547966315395,0.10023400738464608
2023-12-08,210.2001953125,83,0,Normal Volatility,0.09708612584289658,0.8964481466652271,0.006465727491767609,0.35701042528910854
2023-12-11,150.7998046875,85,1,Low Volatility,0.6467569579348135,0.3514144764279938,0.0018285656369408164,0.6608798344255262
2023-12-12,121.599609375,59,1,Low Volatility,0.8656573274741142,0.13355760552576554,0.0007850669999684903,0.39937923327095676
2023-12-13,109.400390625,40,1,Low Volatility,0.871275881747867,0.12801965553200845,0.0007044627197087138,0.3883254582718131
2023-12-14,161.69921875,66,1,Low Volatility,0.592266870051855,0.40602983125088765,0.0017032986971096608,0.6870533417113226
2023-12-15,230.0,38,0,Normal Volatility,0.11139367671610585,0.887838939105982,0.0007673841782136965,0.35559977517459546
2023-12-18,105.7001953125,89,1,Low Volatility,0.7792057492530186,0.22024534784153152,0.0005489029057870064,0.5317514078233792
2023-12-19,125.400390625,19,1,Low Volatility,0.9162128416746942,0.08372909759752029,5.806072806708309e-05,0.28840326801189414
2023-12-20,142.7001953125,18,1,Low Volatility,0.9265717752041158,0.07341082954365054,1.7395251937896843e-05,0.2625803692528283
2023-12-21,95.599609375,14,1,Low Volatility,0.9536330875871942,0.046341176069996874,2.5736343182678492e-05,0.18789424886865527
2023-12-22,81.8994140625,56,1,Low Volatility,0.9319269007739833,0.06789108950221318,0.0001820097236509753,0.24988593284352714
2023-12-27,156.5,49,1,Low Volatility,0.8821264686926433,0.1177478270894819,0.00012570421784481906,0.36365251624099454
2023-12-28,63.7001953125,41,1,Low Volatility,0.9133324655379459,0.08649704679707935,0.00017048766475302266,0.2959918056510528
2023-12-29,103.7998046875,9,1,Low Volatility,0.9290001041892886,0.07093327341938598,6.662239100581441e-05,0.25674876343008096
2024-01-02,177.7998046875,55,1,Low Volatility,0.7729437612282756,0.22677468887222121,0.0002815498998241075,0.5378605107660817
2024-01-03,117.0,94,1,Low Volatility,0.8786651623822609,0.12081236220968793,0.000522475408124115,0.37294380689688233
2024-01-04,161.5,84,1,Low Volatility,0.8366050397855377,0.16297633726649088,0.00041862294753001577,0.448172852526342
2024-01-05,74.599609375,41,1,Low Volatility,0.8870415072002775,0.11248463331978145,0.00047385947965691334,0.35572313069263023
2024-01-08,175.2001953125,80,1,Low Volatility,0.791870326248494,0.20792350134074736,0.0002061724109261888,0.5131002687379312
2024-01-09,72.7998046875,6,1,Low Volatility,0.9322671924604857,0.06770777430826938,2.5033231150223578e-05,0.24795741396383483
2024-01-10,95.80078125,7,1,Low Volatility,0.9588363372098829,0.04115280563217289,1.0857157996021905e-05,0.17172518456439176
2024-01-11,99.5,1,1,Low Volatility,0.9476733731359693,0.05230423142388624,2.2395439757497322e-05,0.2055057902053353
2024-01-12,122.1005859375,2,1,Low Volatility,0.8198009581379851,0.18005015210345968,0.00014888975818473117,0.4729009079990229
2024-01-15,247.80078125,40,0,Normal Volatility,0.012831575661516343,0.9839027927188636,0.0032656316199673285,0.09055277962251179
2024-01-16,194.900390625,52,0,Normal Volatility,0.11706898739482285,0.8785341239821065,0.0043968886229412436,0.38874395182029575
2024-01-17,186.0,60,0,Normal Volatility,0.2686011730801803,0.7276428615731979,0.00375596534694801,0.6054088687469206
2024-01-18,150.7001953125,57,0,Normal Volatility,0.4951658174782676,0.5019646170705813,0.002869565451457371,0.7107976881687122
2024-01-19,205.80078125,25,0,Normal Volatility,0.3325160959800201,0.6671931897468801,0.00029071427350646554,0.6384866674553508
2024-01-22,122.7001953125,1,1,Low Volatility,0.8619048790125815,0.13806711133871732,2.8009648309859555e-05,0.4017566279140593
2024-01-23,104.7001953125,6,1,Low Volatility,0.9379872122582459,0.06196913502809074,4.36527132615763e-05,0.23283073790318176
2024-01-24,134.8994140625,97,1,Low Volatility,0.8818700956345541,0.11749720919227097,0.0006326951735263948,0.3671220322068067
2024-01-25,96.400390625,93,1,Low Volatility,0.7498465106626482,0.24817366378690467,0.0019798255506356566,0.5740561836794502
2024-01-29,240.0,0,0,Normal Volatility,0.06400702018187185,0.9357995585066653,0.00019342131130835774,0.2396879915093661
2024-01-30,82.5,8,1,Low Volatility,0.7423114813191509,0.257390356070939,0.00029816260982371256,0.5729393947361995
2024-01-31,176.0,13,1,Low Volatility,0.7005239379239256,0.2993515944327478,0.00012446764310054315,0.6115132317347146
2024-02-01,160.19921875,2,1,Low Volatility,0.8019410712569301,0.19800929305014345,4.9635693229527827e-05,0.4981609137064158
2024-02-02,135.2998046875,20,1,Low Volatility,0.8580515219982929,0.14180884490718965,0.00013963309478398083,0.409591243997968
2024-02-05,183.2001953125,56,1,Low Volatility,0.7149605074267338,0.28482259643031765,0.000216896142575756,0.5994245028345073
2024-02-06,134.2998046875,8,1,Low Volatility,0.8994205674802268,0.1005524508503074,2.698166943161926e-05,0.32660311775610557
2024-02-07,128.19921875,5,1,Low Volatility,0.932927455943356,0.06705341091108839,1.913314579547266e-05,0.24617513642385416
2024-02-08,147.599609375,0,1,Low Volatility,0.8910540544660497,0.10891733660472096,2.8608929061492524e-05,0.3445703742465741
2024-02-09,169.2001953125,0,1,Low Volatility,0.7893254285156124,0.21062350430192844,5.106718270125698e-05,0.5153252487521052
2024-02-12,162.900390625,1,1,Low Volatility,0.7644888040245564,0.23542226606967664,8.892990603908569e-05,0.5466401323694802
2024-02-13,155.900390625,24,1,Low Volatility,0.6930090066872936,0.30651779913790156,0.0004731941747188744,0.6202086914519146
2024-02-14,173.7001953125,36,1,Low Volatility,0.41020695197555385,0.5883454437392857,0.0014476042855116088,0.6870795094816811
2024-02-15,229.599609375,27,0,Normal Volatility,0.033339883669442384,0.9647842920457151,0.0018758242851121363,0.1597549505179918
2024-02-16,204.7998046875,27,0,Normal Volatility,0.1504458721408754,0.8488742472687397,0.0006798805908352571,0.4290092499623715
2024-02-19,125.900390625,33,1,Low Volatility,0.7320644535608655,0.26741574881227914,0.0005197976265936067,0.5849601204666189
2024-02-20,171.2001953125,56,1,Low Volatility,0.7503232819293227,0.24939760360192278,0.000279114469190825,0.5641556084784936
2024-02-21,68.900390625,22,1,Low Volatility,0.9039889607224888,0.09586943397817768,0.00014160529965725436,0.31729351600742695
2024-02-22,86.400390625,21,1,Low Volatility,0.9240126969596976,0.07579669063881761,0.0001906124016943755,0.2701896483807835
2024-02-23,117.0,77,1,Low Volatility,0.8018071793600798,0.19702557335298693,0.0011672472868444485,0.5050440539567277
2024-02-26,222.3994140625,88,0,Normal Volatility,0.22592124564115823,0.7729087355849504,0.0011700187742884546,0.5430687727315378
2024-02-27,143.5,9,1,Low Volatility,0.7715353616352324,0.2283794941798106,8.514418480058823e-05,0.5381718048514822
2024-02-28,121.19921875,29,1,Low Volatility,0.9106562563153311,0.08925983333411631,8.391035059791093e-05,0.301685618352305
2024-02-29,140.2998046875,94,1,Low Volatility,0.9055274193518396,0.09431223928830242,0.0001603413594922611,0.31394838020840016
2024-03-01,139.3994140625,66,1,Low Volatility,0.9150626017048608,0.08483174624788489,0.00010565204740683417,0.2914779661770504
2024-03-04,117.900390625,49,1,Low Volatility,0.9405145924412684,0.05941212031589187,7.328724280883127e-05,0.22611344998008004
2024-03-05,94.8994140625,32,1,Low Volatility,0.9437728482068196,0.05609340019995106,0.00013375159344534653,0.21739925724027545
2024-03-06,82.7998046875,70,1,Low Volatility,0.8906417712514443,0.10851483986813626,0.0008433888802491982,0.35011463046899133
2024-03-07,163.5,84,1,Low Volatility,0.7020436358930306,0.29654669245424226,0.001409671653132926,0.6180759129630483
2024-03-08,166.0,22,1,Low Volatility,0.4820004199748892,0.5170589265728234,0.000940653452591103,0.6993754792826846
2024-03-11,251.0,36,0,Normal Volatility,0.01941674471255908,0.9791376315951679,0.001445623691928282,0.10662988189136112
2024-03-12,101.5,83,1,Low Volatility,0.7311490137808088,0.2663574488368886,0.0024935373821617225,0.5962654802237483
2024-03-13,106.2001953125,93,1,Low Volatility,0.8364351922342326,0.16045457435420846,0.003110233411286251,0.46093895731849976
2024-03-14,82.6005859375,85,1,Low Volatility,0.6994172737515704,0.2957376091982772,0.004845117050478011,0.636162532364788
2024-03-15,283.2998046875,26,0,Normal Volatility,0.000895801881774407,0.9963150367203061,0.0027891613975985713,0.026370603318259515
2024-03-18,72.7001953125,24,0,Normal Volatility,0.5268297960520242,0.4706223350213357,0.002547868926744216,0.7075583812320968
2024-03-19,208.19921875,72,0,Normal Volatility,0.3131358233498494,0.6858388472017249,0.0010253294480647194,0.6292832618482717
2024-03-20,123.6005859375,30,1,Low Volatility,0.8323163861450812,0.16752129977286728,0.00016231408174041635,0.4534829492921349
2024-03-21,106.7998046875,0,1,Low Volatility,0.9225126330588602,0.07744915159807246,3.82153433339999e-05,0.2729185455743652
2024-03-22,174.2001953125,0,1,Low Volatility,0.8073800505199278,0.19258790332048598,3.204615921006489e-05,0.49031058195898836
2024-03-25,131.099609375,25,1,Low Volatility,0.8682871955107543,0.13156664270921534,0.0001461617797510098,0.3907702720589465
2024-03-26,184.2001953125,24,1,Low Volatility,0.7299072067740516,0.27002993086978494,6.286235595513984e-05,0.5839398472137964
2024-03-27,96.599609375,5,1,Low Volatility,0.9292879814953711,0.07068960818058283,2.241032378039636e-05,0.25567979933388124
2024-03-28,136.2998046875,1,1,Low Volatility,0.9334065718235024,0.06657966329015305,1.3764886617537186e-05,0.24486725117289287
2024-04-02,149.0,56,1,Low Volatility,0.9046229418958229,0.09529282509805745,8.423300613166293e-05,0.315481458084929
2024-04-03,124.5,70,1,Low Volatility,0.9314748655667705,0.06844162303688127,8.351139659686718e-05,0.25045093107077737
2024-04-04,79.099609375,29,1,Low Volatility,0.9480578954851379,0.05190234298134888,3.9761533910566184e-05,0.20451946118462333
2024-04-05,110.1005859375,0,1,Low Volatility,0.9534166922931804,0.046567763518574966,1.5544188555252486e-05,0.18846935062097908
2024-04-08,153.3994140625,63,1,Low Volatility,0.8895720647048814,0.11022611577546199,0.00020181951938377576,0.3488831601090669
2024-04-09,104.2001953125,56,1,Low Volatility,0.8968803308649674,0.10253291842755284,0.0005867507075865434,0.3355020298452813
2024-04-10,133.2001953125,66,1,Low Volatility,0.7278616928023299,0.270661817659627,0.001476489538089147,0.5945488647164169
2024-04-11,245.400390625,44,0,Normal Volatility,0.03844535929783129,0.9600381848135592,0.0015164558890046172,0.1742712461337617
2024-04-12,133.5,32,1,Low Volatility,0.647058328069643,0.35190514066247947,0.0010365312674785576,0.6563270786319853
2024-04-15,64.7998046875,18,1,Low Volatility,0.6543340392025266,0.34414595156943767,0.0015200092278460663,0.6544877183421685
2024-04-16,247.3994140625,26,0,Normal Volatility,0.029020134561341827,0.9693492191473587,0.0016306462916333012,0.14336739747743
2024-04-17,119.0,30,1,Low Volatility,0.6376688142478637,0.35746155755778297,0.0048696281945286215,0.6805703132636942
2024-04-18,59.8994140625,66,1,Low Volatility,0.5404642436599666,0.4370918395388106,0.022443916801503337,0.7795181803560345
2024-04-19,346.7998046875,50,0,Normal Volatility,9.481385659136026e-08,0.9624568065528001,0.03754309863361216,0.1600574174360116
2024-04-22,230.3994140625,2,0,Normal Volatility,0.02714317389868407,0.9717482623850622,0.00110856371623839,0.13328765427827532
2024-04-23,137.0,53,1,Low Volatility,0.7224809507692107,0.277063991312308,0.00045505791841573016,0.5939679325591263
2024-04-24,106.6005859375,64,1,Low Volatility,0.9031041024721221,0.09662686405018493,0.0002690334780663242,0.32006087307750936
2024-04-26,113.80078125,62,1,Low Volatility,0.9302588525023578,0.0695231880137195,0.0002179594842721755,0.2544437211053373
2024-04-29,80.599609375,50,1,Low Volatility,0.9088962647961377,0.09073167273398282,0.0003720624694373841,0.3075019561928881
2024-04-30,137.900390625,4,1,Low Volatility,0.7798761472168508,0.21997214553333966,0.00015170724972475813,0.5283207557146343
2024-05-01,230.599609375,17,0,Normal Volatility,0.138637274482,0.8611933712779853,0.00016935423958064257,0.40409666398220423
2024-05-02,115.900390625,5,1,Low Volatility,0.843214819857274,0.15675322323939794,3.195690328344875e-05,0.43460384646263367
2024-05-03,112.900390625,8,1,Low Volatility,0.9433992250952123,0.056587318630488166,1.3456274075567386e-05,0.2176358730326905
2024-05-06,107.2001953125,5,1,Low Volatility,0.9476016961552167,0.05237810854364886,2.019530076816001e-05,0.20569620271076663
2024-05-07,170.7998046875,0,1,Low Volatility,0.8580855253552965,0.14190232985774145,1.2144787105287253e-05,0.4085495416864048
2024-05-08,91.7001953125,4,1,Low Volatility,0.9396161100616846,0.06035261386440006,3.127607428063806e-05,0.22829039633642284
2024-05-09,89.099609375,27,1,Low Volatility,0.8897228536409498,0.1100512942893446,0.00022585206995379316,0.3487182280383842
2024-05-10,200.7001953125,8,1,Low Volatility,0.5403608314038566,0.4595461861011294,9.298249533478106e-05,0.6907695019861735
2024-05-13,130.7998046875,62,1,Low Volatility,0.8471173852155178,0.15262285472289494,0.000259760061178578,0.42959306102557476
2024-05-14,99.0,70,1,Low Volatility,0.9219985259410439,0.07771513501926766,0.00028633904008042085,0.27575233862314114
2024-05-15,94.7001953125,100,1,Low Volatility,0.9225663561003221,0.07703479772686725,0.0003988461732334565,0.2749554309092295
2024-05-16,92.400390625,58,1,Low Volatility,0.8929523487454247,0.10646160970961327,0.000586041545380444,0.34393419656703994
2024-05-17,153.7998046875,11,1,Low Volatility,0.6774667250500422,0.32222363093701956,0.00030964401273975747,0.6312253118414748
2024-05-20,236.900390625,46,0,Normal Volatility,0.07903090792699205,0.9201913895511948,0.0007777025217464797,0.28267715749523603
2024-05-21,72.599609375,20,1,Low Volatility,0.7805643200925295,0.2190429433919891,0.0003927365154141947,0.5290695005964686
2024-05-22,114.599609375,52,1,Low Volatility,0.8838160111231508,0.11571943988114503,0.0004645489954819303,0.362281060448325
2024-05-23,161.30078125,98,1,Low Volatility,0.7961796041220156,0.20318469679725432,0.000635699080661191,0.5099560831890465
2024-05-24,176.5,100,1,Low Volatility,0.7516892340396027,0.2480546948270876,0.00025607113298610793,0.5624886458911263
2024-05-27,78.7998046875,0,1,Low Volatility,0.9299367201315825,0.07003606000446115,2.7219863651048374e-05,0.25404357933832716
2024-05-28,61.5,0,1,Low Volatility,0.9401577639905798,0.059804376828436166,3.7859181357028886e-05,0.2268499110188694
2024-05-29,94.3994140625,77,1,Low Volatility,0.9216711770430751,0.07795607472437215,0.00037274823215961375,0.27703391338350736
2024-05-30,144.7001953125,66,1,Low Volatility,0.8413349163631059,0.15801370533794065,0.0006513782985205192,0.4416793021117538
2024-05-31,176.7998046875,51,1,Low Volatility,0.6603133449817612,0.3387444589360779,0.0009421960817269024,0.6473155484472914
2024-06-03,170.900390625,97,1,Low Volatility,0.6464832375659118,0.35212050542894036,0.0013962570050510474,0.6587170848886543
2024-06-04,172.400390625,92,1,Low Volatility,0.6859056339513668,0.31327359045261166,0.0008207755963871693,0.6280385718028844
2024-06-05,150.3994140625,26,1,Low Volatility,0.8351936404512648,0.1646068534181174,0.00019950613073574285,0.4490940685541156
2024-06-06,121.0,55,1,Low Volatility,0.8943525143909754,0.10508388851693035,0.0005635970916821543,0.34082915079033504
2024-06-07,73.400390625,79,1,Low Volatility,0.8153930623927391,0.18265190806369566,0.001955029543960694,0.4891435510130891
2024-06-11,198.0,66,1,Low Volatility,0.5102783628479873,0.4885699456057008,0.0011516915462946693,0.7010569468807107
2024-06-12,144.2001953125,82,1,Low Volatility,0.7788409255798106,0.22036801793785346,0.0007910564823402582,0.533616926701558
2024-06-13,148.1005859375,99,1,Low Volatility,0.8529718028903556,0.14660703203867,0.000421165071243784,0.4204060034877037
2024-06-14,124.7001953125,88,1,Low Volatility,0.9037640579570403,0.09589186026743388,0.00034408177591437235,0.3190147980443883
2024-06-17,149.7998046875,85,1,Low Volatility,0.8862042051077437,0.11353024139727375,0.00026555349466034483,0.35625309382119075
2024-06-18,70.6005859375,63,1,Low Volatility,0.9135571467146348,0.08610221701597566,0.0003406362694854593,0.2964555708528141
2024-06-19,105.19921875,58,1,Low Volatility,0.9300332948889652,0.0696442057082171,0.00032249940298856,0.25560951136393006
2024-06-20,56.7998046875,51,1,Low Volatility,0.8824077001071923,0.1168788300762371,0.000713469816489117,0.3664536580897018
2024-06-21,120.099609375,25,1,Low Volatility,0.8313342742019649,0.16810633707085826,0.0005593887268087435,0.4575161446117284
2024-06-24,185.099609375,64,0,Normal Volatility,0.3387126519485428,0.6585039656373509,0.002783382414556389,0.6581819624983587
2024-06-25,248.599609375,75,0,Normal Volatility,0.02135634879370832,0.9762073390088994,0.002436312197146962,0.1203124842461089
2024-06-26,113.7998046875,76,1,Low Volatility,0.7583980879158141,0.24050477839665987,0.0010971336870918803,0.5599326212759757
2024-06-27,109.099609375,62,1,Low Volatility,0.9008252530828499,0.09851853383679901,0.0006562130799708952,0.327212929183523
2024-06-28,88.5,83,1,Low Volatility,0.89598262428706,0.10308069771026251,0.0009366780022293332,0.3391656098905754
2024-07-01,113.5,42,1,Low Volatility,0.7858925082212095,0.2131161530120673,0.0009913387665809739,0.5256658450147076
2024-07-02,236.0,24,0,Normal Volatility,0.058818567895620275,0.9400977094129562,0.0010837226911999261,0.23212068117507126
2024-07-03,140.599609375,22,0,Normal Volatility,0.4190990766680631,0.5797679230069959,0.0011330003247661629,0.6882010290288776
2024-07-04,220.3994140625,13,0,Normal Volatility,0.1383673525735483,0.861185607224991,0.0004470402014084657,0.4058169584022069
2024-07-05,54.69921875,11,1,Low Volatility,0.6727611041447025,0.3264564171408149,0.0007824787142196852,0.6377105656471644
2024-07-08,173.0,84,1,Low Volatility,0.7014278238253592,0.2978236994031088,0.0007484767718828067,0.6148796123016004
2024-07-09,70.2998046875,75,1,Low Volatility,0.8633517930438749,0.13594312135473038,0.000705085601112285,0.4032488787575594
2024-07-10,85.900390625,57,1,Low Volatility,0.9210781714611967,0.07858757556342426,0.00033425297569616584,0.2782881808853745
2024-07-11,144.5,68,1,Low Volatility,0.9102737127682767,0.08959821579994777,0.00012807143184242657,0.3028711890361723
2024-07-12,110.0,56,1,Low Volatility,0.9407491332500432,0.059167505660603414,8.336108945088897e-05,0.22553194206685476
2024-07-15,122.400390625,44,1,Low Volatility,0.9433467368607094,0.056593449569401814,5.981356978837308e-05,0.2181274954807487
2024-07-16,82.7998046875,53,1,Low Volatility,0.9412322194860545,0.05861737383427921,0.00015040667960135342,0.22461132126574948
2024-07-17,88.7998046875,49,1,Low Volatility,0.9357169037056419,0.06391967412440429,0.000363422169600688,0.24083675882932487
2024-07-18,83.6005859375,85,1,Low Volatility,0.8851244139710226,0.11334173609781621,0.0015338499315763854,0.3647328219748459
2024-07-19,131.0,87,1,Low Volatility,0.7148915882078555,0.28160323750669886,0.003505174285149759,0.6166150331648862
2024-07-22,240.2001953125,66,0,Normal Volatility,0.017508758616819855,0.9735469597244636,0.008944281658945214,0.13911176548298299
2024-07-23,213.5,93,0,Normal Volatility,0.04970567193566782,0.9396393206598536,0.010655007404657304,0.25609163501406246
2024-07-24,160.400390625,93,0,Normal Volatility,0.2671550453990191,0.7241721104197976,0.008672844181578642,0.6275090592903584
2024-07-25,217.30078125,45,0,Normal Volatility,0.11732165650967581,0.8797340633033576,0.002944280186925577,0.3812852708145613
2024-07-26,155.1005859375,52,1,Low Volatility,0.6012627100149024,0.39700386084380596,0.0017334291410394096,0.6836527514310842
2024-07-29,134.2998046875,72,1,Low Volatility,0.7737079666536254,0.22401796651766126,0.0022740668286858837,0.5474808919839804
2024-07-30,134.599609375,40,1,Low Volatility,0.6784074067612448,0.31790808693990896,0.0036845062991115005,0.6481940124636772
2024-07-31,250.099609375,35,0,Normal Volatility,0.011274960832052231,0.9700406642402732,0.018684374927673657,0.15444120720333926
2024-08-01,157.5,36,0,Normal Volatility,0.19901972128426124,0.7273043606742041,0.07367591804197313,0.7450215463958769
2024-08-02,283.3994140625,80,0,Normal Volatility,8.01208764259899e-05,0.663954359738095,0.3359655193857073,0.6391261030123976
2024-08-05,438.2001953125,38,0,Normal Volatility,1.844218379875407e-15,0.4325678370829011,0.5674321629171611,0.6840252167074978
2024-08-06,225.69921875,60,0,Normal Volatility,0.005860113684382074,0.7928286955249525,0.2013111907907987,0.536854619487224
2024-08-07,204.7998046875,34,0,Normal Volatility,0.08986832321810226,0.8734419614578993,0.036689715323880844,0.45598719116187986
2024-08-08,107.900390625,78,0,Normal Volatility,0.5132416577662594,0.46730033021203193,0.019458012021842004,0.7745055085089667
2024-08-09,211.2998046875,84,0,Normal Volatility,0.28182379941464575,0.7152443332431271,0.0029318673424796908,0.613721885279465
2024-08-12,82.7001953125,8,1,Low Volatility,0.8459544030017138,0.15367622966046676,0.00036936733792051514,0.43226026524665667
2024-08-13,97.7998046875,54,1,Low Volatility,0.8984184318041915,0.10086874366113449,0.0007128245344420705,0.3327896889242951
2024-08-14,80.099609375,43,1,Low Volatility,0.7875588410504912,0.2106429302724324,0.0017982286766486974,0.5275446117824275
2024-08-15,212.400390625,66,0,Normal Volatility,0.14883438721799067,0.8469499113902411,0.0042157013915853055,0.4472631802117168
2024-08-16,207.0,50,0,Normal Volatility,0.16350512175304097,0.8329775028123256,0.003517375434386685,0.4681920397293732
2024-08-19,77.2001953125,63,1,Low Volatility,0.6717010518061578,0.3222459789179392,0.006052969276146022,0.6631360299394932
2024-08-20,86.69921875,53,1,Low Volatility,0.666387168902013,0.3270992064496238,0.006513624648795495,0.6687955253166391
2024-08-21,300.2998046875,60,0,Normal Volatility,0.00018683025659812998,0.9924140424911543,0.007399127252551556,0.04546413460148371
2024-08-22,68.1005859375,52,1,Low Volatility,0.6740720805923627,0.32111300140515675,0.004814918002184436,0.6563311213380771
2024-08-23,123.7001953125,63,1,Low Volatility,0.8044123570174062,0.1924765077978578,0.003111135185117973,0.5101939529586389
2024-08-26,144.599609375,50,1,Low Volatility,0.6413429219345452,0.35536427256682246,0.0032928054982104783,0.671364574987051
2024-08-27,334.7001953125,27,0,Normal Volatility,1.247874511805305e-06,0.991628652775481,0.008370099349971167,0.048388107523691555
2024-08-28,149.7001953125,38,0,Normal Volatility,0.3407763740571188,0.6553470842789039,0.00387654166385502,0.665324601869538
2024-08-29,202.900390625,23,0,Normal Volatility,0.15831018046828738,0.8398900969966734,0.0017997225349064806,0.4497192132251431
2024-08-30,195.2001953125,48,0,Normal Volatility,0.25147010535636316,0.7463029635954492,0.002226931048609998,0.5791232216187016
2024-09-02,146.2001953125,40,1,Low Volatility,0.6377280857959379,0.35891072552332204,0.003361188680977899,0.6737904296355802
2024-09-03,129.2001953125,0,1,Low Volatility,0.6422838460551655,0.34664996628850603,0.011066187656435423,0.701450405202587
2024-09-04,339.2998046875,68,0,Normal Volatility,2.0011788610907058e-07,0.6565188067376931,0.3434809931443363,0.6433206480639333
2024-09-05,398.400390625,81,0,Normal Volatility,4.980512049012126e-12,0.5345426366107711,0.46545736338436894,0.6907588912726517
2024-09-06,269.80078125,68,0,Normal Volatility,0.0005778520983362906,0.8773450399073108,0.12207710799452944,0.37585416097339847
2024-09-09,126.2001953125,67,1,Low Volatility,0.6252236416853083,0.3406605875005898,0.03411577081366167,0.7757233239979544
2024-09-10,87.099609375,70,1,Low Volatility,0.7868867346237914,0.19768261766271805,0.015430647713491447,0.5734231024390508
2024-09-11,159.7998046875,16,1,Low Volatility,0.6753305972075712,0.3218476645879155,0.002821738204400386,0.6465390202453587
2024-09-12,0.0,12,1,Low Volatility,0.3945176577923971,0.6007491547415621,0.004733187466390124,0.6984034050106482
2024-09-13,180.900390625,51,1,Low Volatility,0.5500934047485135,0.4493275494787863,0.0005790457729660835,0.6925525146751412
2024-09-16,73.900390625,1,1,Low Volatility,0.8990099739527495,0.10095009694790516,3.992909974968747e-05,0.32760564608289755
2024-09-17,85.7001953125,12,1,Low Volatility,0.9516109674926514,0.04837165631880256,1.7376188768853797e-05,0.19389944701373882
2024-09-18,70.7998046875,0,1,Low Volatility,0.9528677021940843,0.04711452799866201,1.7769807346347798e-05,0.19014113886550632
2024-09-19,134.7001953125,61,1,Low Volatility,0.9281094370909023,0.0717668295626995,0.0001237333461506214,0.2594131807813225
2024-09-20,86.099609375,55,1,Low Volatility,0.9208308038363036,0.07877541379297451,0.0003937823704203467,0.279216800099008
2024-09-23,146.7998046875,88,1,Low Volatility,0.8360900517270419,0.16302587314963002,0.0008840751235377366,0.45159575770414206
2024-09-24,176.099609375,97,1,Low Volatility,0.6780539702070636,0.32028898264531114,0.0016570471477354608,0.6387119588308834
2024-09-25,94.7998046875,59,1,Low Volatility,0.6871753447674902,0.3101470045621304,0.002677650670664841,0.6367557638163007
2024-09-26,235.0,1,0,Normal Volatility,0.05318348031967194,0.9463132890338755,0.0005032306468566713,0.2120815677493777
2024-09-27,144.400390625,1,0,Normal Volatility,0.375596464898378,0.6238221437514364,0.0005813913501161967,0.6665058941522648
2024-09-30,237.7001953125,44,0,Normal Volatility,0.03251021735684272,0.9645706323793242,0.0029191502639990576,0.16321824764557744
2024-10-01,89.7001953125,33,0,Normal Volatility,0.44047228247605374,0.5557755529633339,0.0037521645605358873,0.7085614834809962
2024-10-02,268.0,17,0,Normal Volatility,0.002700933977666348,0.9946475371792799,0.0026515288434284753,0.03704237219322162
2024-10-03,87.7998046875,67,0,Normal Volatility,0.4721148601580173,0.5210793082199321,0.006805831621785273,0.7279658270106607
2024-10-04,206.0,40,0,Normal Volatility,0.23073068109949016,0.7657765555493682,0.0034927633513231566,0.5624851253650026
2024-10-07,88.5,46,0,Normal Volatility,0.4991908931700971,0.49572149375356533,0.005087613075932843,0.7215567283933843
2024-10-08,253.0,26,0,Normal Volatility,0.0036232544174721643,0.9932248382303522,0.0031519073520309936,0.04527042509771257
2024-10-09,242.599609375,8,0,Normal Volatility,0.012178302936079521,0.9875524161213093,0.0002692809427407437,0.06826638207047495
2024-10-10,109.7998046875,16,1,Low Volatility,0.8213362411171838,0.1785965325192899,6.722636358406109e-05,0.46995852736702803
2024-10-11,111.6005859375,6,1,Low Volatility,0.9391230609297216,0.060857983050198954,1.8956019681229888e-05,0.2295456778399235
2024-10-14,123.8994140625,48,1,Low Volatility,0.9350296084186233,0.0648879865202102,8.240506120875907e-05,0.24106215142173423
2024-10-15,144.80078125,56,1,Low Volatility,0.9076316791763048,0.0922324618061453,0.00013585901793254358,0.309005098279926
2024-10-16,111.69921875,49,1,Low Volatility,0.9094543492209564,0.09026957301270273,0.00027607776596500833,0.30567340017820266
2024-10-17,176.7001953125,90,1,Low Volatility,0.7685029262013142,0.23109200670824984,0.0004050670905410005,0.5440551422290604
2024-10-18,142.2001953125,67,1,Low Volatility,0.8687250734120286,0.13099795233011038,0.00027697425809995437,0.39078627794439585
2024-10-21,131.8994140625,71,1,Low Volatility,0.9066710553067877,0.09311538013792842,0.00021356455551520024,0.3116846498896509
2024-10-22,146.2998046875,87,1,Low Volatility,0.9022742288039841,0.09760305385701339,0.0001227173391551038,0.3209994487158114
2024-10-23,115.5,33,1,Low Volatility,0.9438224590568985,0.05613466783237246,4.287311054380584e-05,0.21666829986146285
2024-10-24,85.5,35,1,Low Volatility,0.9467743130880486,0.05315320616448602,7.248074763249362e-05,0.2084564466218206
2024-10-25,76.2001953125,86,1,Low Volatility,0.927019739189976,0.0728076923426972,0.0001725684673994258,0.26249652630834897
2024-10-28,140.5,7,1,Low Volatility,0.9364781975048786,0.06351181774369806,9.984751235423637e-06,0.23664731783151544
2024-10-29,84.2998046875,1,1,Low Volatility,0.9601789868809746,0.03981285304321641,8.160075425638657e-06,0.16745236196987628
2024-10-30,84.7998046875,39,1,Low Volatility,0.9538428553680063,0.046126328517150844,3.0816114606450304e-05,0.1872969432958209
2024-10-31,97.5,11,1,Low Volatility,0.9612863724183992,0.03870278854907322,1.0839032107845216e-05,0.1639337250776746
2024-11-01,131.2001953125,6,1,Low Volatility,0.951140176815324,0.04885155413998653,8.26904429568229e-06,0.19522435666975452
2024-11-04,100.099609375,31,1,Low Volatility,0.9495043363342925,0.050426712080408026,6.895158545793343e-05,0.20049584225435224
2024-11-05,103.3994140625,77,1,Low Volatility,0.9103794509888149,0.08918341886247931,0.0004371301482650665,0.30442198564824474
2024-11-06,175.1005859375,87,1,Low Volatility,0.756436382906096,0.24291931748423654,0.0006442996097684662,0.5596202867964656
2024-11-07,39.2001953125,41,1,Low Volatility,0.8106736262180433,0.1887005926416296,0.0006257811401574069,0.4894440739091927
2024-11-08,91.900390625,36,1,Low Volatility,0.9258036560773758,0.07402506546659197,0.00017127845624949353,0.26557170622160353
2024-11-11,69.400390625,46,1,Low Volatility,0.9270187563424406,0.07282640080566374,0.00015484285204748157,0.26239093369193
2024-11-12,144.099609375,13,1,Low Volatility,0.925515743976373,0.07446306817035375,2.1187853251642808e-05,0.2652810175252716
2024-11-13,86.0,43,1,Low Volatility,0.9423863724276597,0.05754015710616556,7.347046600370363e-05,0.2209132866366726
2024-11-14,134.900390625,29,1,Low Volatility,0.9333693081655017,0.06658366139288355,4.703044149689178e-05,0.24522334937418616
2024-11-15,81.400390625,38,1,Low Volatility,0.924707488098831,0.07510252478492449,0.00018998711624553595,0.2684450109119349
2024-11-18,150.7001953125,39,1,Low Volatility,0.8300130126871368,0.1697051796020739,0.0002818077105377523,0.45795135718058616
2024-11-19,185.30078125,0,1,Low Volatility,0.649354424013325,0.35055067367762355,9.490230924192174e-05,0.6487198420381776
2024-11-20,153.900390625,13,1,Low Volatility,0.754864976741157,0.24466883279127094,0.0004661904673473081,0.5603134469218596
2024-11-21,98.2998046875,77,1,Low Volatility,0.6944218269985235,0.30014396455208336,0.005434208448956903,0.642799547915653
2024-11-22,267.2001953125,99,0,Normal Volatility,0.0044869646026672125,0.9815200799146953,0.013992955482249547,0.10230597569404318
2024-11-25,71.5,54,0,Normal Volatility,0.3383769385747157,0.6447260831548525,0.016896978270825324,0.7186030926153542
2024-11-26,300.099609375,92,0,Normal Volatility,0.0001569779023532697,0.9898604677238894,0.009982554373536687,0.05745177787566262
2024-11-27,82.7998046875,55,1,Low Volatility,0.7472330263049449,0.2500933735228221,0.002673600172359941,0.5801763393659944
2024-11-28,84.7998046875,85,1,Low Volatility,0.8932718960915945,0.10594517450666693,0.0007829294015619517,0.3442476387359717
2024-11-29,84.2998046875,26,1,Low Volatility,0.93952021644018,0.060332240077832375,0.000147543481536366,0.22932060458777356
2024-12-02,65.5,66,1,Low Volatility,0.923211975560301,0.07663288414877889,0.00015514029132923632,0.2719711991196255
2024-12-03,82.599609375,15,1,Low Volatility,0.9548271877972119,0.04515402768557225,1.8784517318429574e-05,0.1842137616374882
2024-12-04,94.0,0,1,Low Volatility,0.9643834341025816,0.03561019067931578,6.375217826656872e-06,0.15381527730321135
2024-12-05,111.5,25,1,Low Volatility,0.9527650695277732,0.04719995446676622,3.497600537143888e-05,0.1905788169855326
2024-12-06,124.0,75,1,Low Volatility,0.917380695470927,0.08240352232238118,0.00021578220711398655,0.286619385220091
2024-12-09,169.2001953125,46,1,Low Volatility,0.8287057878796873,0.1711674954783319,0.00012671664195691715,0.4589726209335939
2024-12-10,146.400390625,4,1,Low Volatility,0.9072457603916976,0.09274318964868176,1.104995931702603e-05,0.3089751245134836
2024-12-11,92.7001953125,1,1,Low Volatility,0.9583910938050336,0.0416019041954694,7.001999634481525e-06,0.1730919052333745
2024-12-12,68.599609375,2,1,Low Volatility,0.9570273291854836,0.04296391408885603,8.756725513221161e-06,0.17736220253332352
2024-12-13,106.400390625,9,1,Low Volatility,0.9621704325772467,0.037821498024224944,8.06939888466221e-06,0.16106024214030046
2024-12-16,88.2998046875,32,1,Low Volatility,0.9551785572462709,0.04479047110263065,3.097165121207041e-05,0.18323161736242596
2024-12-17,115.6005859375,21,1,Low Volatility,0.9482465541431795,0.051721199502247135,3.224635469067767e-05,0.2039163875253902
2024-12-18,64.5,1,1,Low Volatility,0.9006769152841967,0.09923144900452094,9.163571146166026e-05,0.32432506012485357
2024-12-19,191.099609375,20,1,Low Volatility,0.6462456864883236,0.35363529834435337,0.00011901516725017126,0.6508105514090644
2024-12-20,151.5,5,1,Low Volatility,0.8408208346786428,0.1591472867284135,3.187859305342453e-05,0.4386095869762501
2024-12-23,128.2998046875,54,1,Low Volatility,0.9207270687574961,0.07921287292250417,6.005831984542584e-05,0.2774815911014995
2024-12-24,83.8994140625,2,1,Low Volatility,0.9542254843969583,0.04575503703512396,1.9478567798364043e-05,0.1860510486121091
2024-12-27,75.599609375,63,1,Low Volatility,0.9315862228535863,0.06823409242604393,0.00017968472071770277,0.2507635774718771
2024-12-30,138.400390625,59,1,Low Volatility,0.9187137825308052,0.08114064359469922,0.0001455738742032968,0.2829657821118395
2024-12-31,107.3994140625,6,1,Low Volatility,0.9195652880105503,0.0801490304197006,0.00028568156942638157,0.28172631768131334
